,company_name,industry,stock_exchange,stock_ticker_symbol,market_capital_euro,score
0,"Kimball Electronics, Inc.",Technology Hardware,NAS,KE,548196705.28,0.00011961302459471463
1,"Steelcase, Inc.",Commercial Services,NYS,SCS,1461632880.64,0.013235011763599555
2,HNI Corp.,Commercial Services,NYS,HNI,2138245099.52,0.015005078459119187
3,"Avnet, Inc.",Technology Hardware,NAS,AVT,4517527961.6,0.018783544675955614
4,ACCO Brands Corp.,Commercial Services,NYS,ACCO,439942586.88,0.01944930647028822
5,"Keysight Technologies, Inc.",Technology Hardware,NYS,KEYS,23379849953.280003,0.03284230372336845
6,"CBRE Group, Inc.",Real Estate,NYS,CBRE,27640668651.52,0.03544490981257078
7,Brady Corp.,Commercial Services,NYS,BRC,3051615918.08,0.03134626846866101
8,"Paramount Group, Inc.",Real Estate,NYS,PGRE,1159575418.88,0.030906785347613708
9,"Benchmark Electronics, Inc.",Technology Hardware,NYS,BHE,1388167009.28,0.04225020517730645
10,Plexus Corp.,Technology Hardware,NAS,PLXS,3007739248.6400003,0.044239302603404335
11,"Hasbro, Inc.",Consumer Durables,NAS,HAS,7770535854.08,0.046958508108658446
12,"Chegg, Inc.",Consumer Services,NYS,CHGG,332900336.64,0.046843797537720645
13,"Jones Lang LaSalle, Inc.",Real Estate,NYS,JLL,10062052188.16,0.04910368469270336
14,Universal Display Corp.,Technology Hardware,NAS,OLED,9815611596.8,0.04904644147814773
15,CDW Corp.,Technology Hardware,NAS,CDW,29301666856.960003,0.05518556514493118
16,Flex Ltd.,Technology Hardware,NAS,FLEX,11384897372.16,0.05102385836561311
17,"Resideo Technologies, Inc.",Retailing,NYS,REZI,2961224048.6400003,0.04906720773130121
18,Texas Pacific Land Corp.,Oil & Gas Producers,NYS,TPL,17312202833.920002,0.05401355595963547
19,"Arrow Electronics, Inc.",Technology Hardware,NYS,ARW,6169430855.68,0.05303821638187301
20,Fabrinet,Technology Hardware,NYS,FN,8404511416.320001,0.0535573808400321
21,"Novanta, Inc.",Technology Hardware,NAS,NOVT,6014367784.96,0.05300219833558488
22,"Rayonier, Inc.",Real Estate,NYS,RYN,4111160811.52,0.05256012146617322
23,TD SYNNEX Corp.,Technology Hardware,NYS,SNX,9254703759.36,0.055367766722561655
24,Cimpress Plc,Commercial Services,NAS,CMPR,2249930803.2000003,0.05374069823100315
25,"TTM Technologies, Inc.",Technology Hardware,NAS,TTMI,2014065530.88,0.05529881467710288
26,"Pitney Bowes, Inc.",Commercial Services,NYS,PBI,1165120266.24,0.055101621691720136
27,ASGN Incorporated,Commercial Services,NYS,ASGN,4371864965.12,0.05745938749803772
28,"Anywhere Real Estate, Inc.",Real Estate,NYS,HOUS,473271375.36,0.05655382227401255
29,"Valvoline, Inc.",Retailing,NYS,VVV,5588286668.8,0.0577419379017257
30,"AvalonBay Communities, Inc.",Real Estate,NYS,AVB,27210021273.6,0.06437713711463804
31,"Starwood Property Trust, Inc.",Real Estate,NYS,STWD,6104910151.68,0.06108774564335242
32,Korn Ferry,Commercial Services,NYS,KFY,3415079802.88,0.062075855141287745
33,"Methode Electronics, Inc.",Technology Hardware,NYS,MEI,452703384.32,0.06138775441897437
34,"Royal Gold, Inc.",Precious Metals,NAS,RGLD,8441024552.96,0.06646908791697266
35,"Kforce, Inc.",Commercial Services,NYS,KFRC,1208060037.12,0.06640191832129891
36,Sanmina Corp.,Technology Hardware,NAS,SANM,3702326353.92,0.06698128644058278
37,"YETI Holdings, Inc.",Consumer Durables,NYS,YETI,3123445514.24,0.06684682401324858
38,Accenture Plc,Software & Services,NYS,ACN,187634586091.52,0.10970506725021276
39,"Hudson Pacific Properties, Inc.",Real Estate,NYS,HPP,1450468408.3200002,0.06645822493185403
40,AGNC Investment Corp.,Real Estate,NAS,AGNC,6941881344.0,0.06934667342054075
41,CTS Corp.,Technology Hardware,NYS,CTS,1509140444.16,0.06808475649671564
42,"Interpublic Group of Cos., Inc.",Media,NYS,IPG,10486349004.8,0.07016998228241673
43,"Badger Meter, Inc.",Technology Hardware,NYS,BMI,5323528273.92,0.07058366563466645
44,"ScanSource, Inc.",Technology Hardware,NAS,SCSC,1075927546.88,0.06959703304129879
45,"ManpowerGroup, Inc.",Commercial Services,NYS,MAN,3255979212.8,0.07010341538913331
46,"Piedmont Office Realty Trust, Inc.",Real Estate,NYS,PDM,955150064.64,0.07118188207647375
47,"Kelly Services, Inc.",Commercial Services,NAS,KELYA,734515105.2800001,0.07274353621929666
48,Sensata Technologies Holding Plc,Technology Hardware,NYS,ST,5784337756.16,0.07552941212739109
49,"Crown Holdings, Inc.",Containers & Packaging,NYS,CCK,8669966008.32,0.07619968578748335
50,Aptiv Plc,Auto Components,NYS,APTV,18124010127.36,0.07839567092506966
51,"Itron, Inc.",Technology Hardware,NAS,ITRI,4344052408.320001,0.07680776590769939
52,Western Digital Corp.,Technology Hardware,NAS,WDC,21565931438.08,0.08242096677486091
53,"Ennis, Inc.",Commercial Services,NYS,EBF,565598924.8000001,0.07915591327623689
54,"TriNet Group, Inc.",Commercial Services,NYS,TNET,5102170562.56,0.08020966802570469
55,"MillerKnoll, Inc.",Commercial Services,NAS,MLKN,1938345379.84,0.07947477478936131
56,"Jabil, Inc.",Technology Hardware,NYS,JBL,11994131087.36,0.08342343567426246
57,LXP Industrial Trust,Real Estate,NYS,LXP,2750595921.92,0.08127634755128849
58,"Trimble, Inc.",Technology Hardware,NAS,TRMB,13064640143.36,0.08367209349170306
59,"Annaly Capital Management, Inc.",Real Estate,NYS,NLY,9401465692.16,0.08443411464525213
60,"RE/MAX Holdings, Inc.",Real Estate,NYS,RMAX,285238065.92,0.08392950074018765
61,SBA Communications Corp.,Real Estate,NAS,SBAC,21175124623.36,0.08878180308068706
62,Kite Realty Group Trust,Real Estate,NYS,KRG,4882492579.84,0.08661025413245761
63,"AptarGroup, Inc.",Containers & Packaging,NYS,ATR,8831029657.6,0.08752742022865835
64,Elme Communities,Real Estate,NYS,ELME,1321328670.72,0.08578306706642873
65,"Empire State Realty Trust, Inc.",Real Estate,NYS,ESRT,2797943214.08,0.0877389582823834
66,Cognex Corp.,Technology Hardware,NAS,CGNX,8169668771.84,0.08898670256403707
67,Zebra Technologies Corp.,Technology Hardware,NAS,ZBRA,15416503296.0,0.09066999711071184
68,Deluxe Corp.,Commercial Services,NYS,DLX,977799080.96,0.08892907847330359
69,"BorgWarner, Inc.",Auto Components,NYS,BWA,7164502855.68,0.09036612587533262
70,"Elevance Health, Inc.",Healthcare,NYS,ELV,111387627683.84,0.11457507077061874
71,The New York Times Co.,Media,NYS,NYT,8055643176.96,0.09057311992744346
72,News Corp.,Media,NAS,NWSA,14796305653.76,0.0921388408432923
73,"MKS Instruments, Inc.",Technology Hardware,NAS,MKSI,8196210933.76,0.09221867422837395
74,"Marcus & Millichap, Inc.",Real Estate,NYS,MMI,1344630312.96,0.09062718924873975
75,Sleep Number Corp.,Consumer Durables,NAS,SNBR,224300945.92,0.09197986239647127
76,"Ingersoll Rand, Inc.",Machinery,NYS,IR,36400056893.44,0.10038276610639923
77,"Lithia Motors, Inc.",Retailing,NYS,LAD,6792394444.8,0.09350549899433416
78,"Heidrick & Struggles International, Inc.",Commercial Services,NAS,HSII,646040545.28,0.09369072728613978
79,"Cousins Properties, Inc.",Real Estate,NYS,CUZ,3488435804.1600003,0.09435095878760649
80,Linde Plc,Chemicals,NAS,LIN,198702428323.84,0.13969526021293502
81,"NL Industries, Inc.",Commercial Services,NYS,NL,299661899.52000004,0.0936102704627435
82,Ball Corp.,Containers & Packaging,NYS,BALL,17681115709.440002,0.09764763413014547
83,Danaher Corp.,Pharmaceuticals,NYS,DHR,171209790586.88,0.1349221742151647
84,Kimco Realty Corp.,Real Estate,NYS,KIM,13377426718.72,0.09826087658206349
85,Macerich Co.,Real Estate,NYS,MAC,3328456960.0,0.0975396053571964
86,"Smith & Wesson Brands, Inc.",Consumer Durables,NAS,SWBI,652193387.52,0.09691796291979823
87,"Cannae Holdings, Inc.",Diversified Financials,NYS,CNNE,1114586741.76,0.0970253676368531
88,"Prologis, Inc.",Real Estate,NYS,PLD,104947372851.2,0.1227565478898735
89,"Rexford Industrial Realty, Inc.",Real Estate,NYS,REXR,10209897512.96,0.10236383265275797
90,IPG Photonics Corp.,Technology Hardware,NAS,IPGP,3791912038.4,0.10087306314312619
91,"Robert Half, Inc.",Commercial Services,NYS,RHI,6506685603.84,0.10150365068075065
92,COPT Defense Properties,Real Estate,NYS,CDP,2818066513.92,0.10064685832843148
93,"Advance Auto Parts, Inc.",Retailing,NYS,AAP,3534696171.52,0.10081331704783536
94,Acushnet Holdings Corp.,Consumer Durables,NYS,GOLF,3938091294.72,0.10090701765722197
95,"Adtalem Global Education, Inc.",Consumer Services,NYS,ATGE,2699680266.24,0.10384516602531822
96,Pool Corp.,Retailing,NAS,POOL,11863360962.56,0.10597370555415096
97,"AutoZone, Inc.",Retailing,NYS,AZO,46898799902.72,0.11572463968320403
98,Zurn Elkay Water Solutions Corp.,Building Products,NYS,ZWS,4996814929.92,0.1059916476348257
99,"Garrett Motion, Inc.",Auto Components,NAS,GTX,2025051125.76,0.10530136641081392
100,LKQ Corp.,Retailing,NAS,LKQ,11297323499.52,0.10745512961183618
101,"HP, Inc.",Technology Hardware,NYS,HPQ,34309487165.44,0.11280039442737584
102,"The AZEK Co., Inc.",Consumer Durables,NYS,AZEK,5906674380.8,0.1078158929917103
103,"Veris Residential, Inc.",Real Estate,NYS,VRE,1476672128.0,0.10678689217638403
104,"Insight Enterprises, Inc.",Technology Hardware,NAS,NSIT,6611458088.96,0.10797960013426693
105,"CarMax, Inc.",Retailing,NYS,KMX,11903833661.44,0.10920891300327341
106,"Cadence Design Systems, Inc.",Software & Services,NAS,CDNS,72211276103.68001,0.12483002748993967
107,"Cardinal Health, Inc.",Healthcare,NYS,CAH,21505116405.76,0.11305200195095819
108,Vontier Corp.,Technology Hardware,NYS,VNT,5808342425.6,0.10940595567335915
109,"Ventas, Inc.",Real Estate,NYS,VTR,19896910479.36,0.11267844791756415
110,"Quad/Graphics, Inc.",Commercial Services,NYS,QUAD,297688977.92,0.10973884445062683
111,"Cencora, Inc.",Healthcare,NYS,COR,40793288704.0,0.11914516136816904
112,Regency Centers Corp.,Real Estate,NAS,REG,11348136468.48,0.11230564212444728
113,STAAR Surgical Co.,Healthcare,NAS,STAA,1999223060.48,0.11013407674585943
114,"Johnson Outdoors, Inc.",Consumer Durables,NAS,JOUT,367146593.28,0.10975497806383006
115,"Williams-Sonoma, Inc.",Retailing,NYS,WSM,17758473666.56,0.11379463509260469
116,"Agilent Technologies, Inc.",Pharmaceuticals,NYS,A,35834085376.0,0.11960614096579779
117,Equity Residential,Real Estate,NYS,EQR,24290739568.64,0.11692485288296241
118,"Principal Financial Group, Inc.",Insurance,NAS,PFG,18859286609.92,0.11566323512206925
119,"S&P Global, Inc.",Diversified Financials,NYS,SPGI,141017890160.64,0.14565113580377087
120,Hewlett Packard Enterprise Co.,Technology Hardware,NYS,HPE,24882441175.04,0.11867519654348435
121,"La-Z-Boy, Inc.",Consumer Durables,NYS,LZB,1646018426.88,0.11489074405959335
122,Seagate Technology Holdings Plc,Technology Hardware,NAS,STX,20267551129.6,0.1192161532219956
123,"Essex Property Trust, Inc.",Real Estate,NYS,ESS,17365511372.8,0.1185420674980055
124,"Applied Materials, Inc.",Semiconductors,NAS,AMAT,167635463700.48,0.15344676836277135
125,American Homes 4 Rent,Real Estate,NYS,AMH,13953319280.64,0.11774948360198981
126,Lear Corp.,Auto Components,NYS,LEA,6475739688.96,0.11601259159665449
127,"Anika Therapeutics, Inc.",Healthcare,NAS,ANIK,385836724.48,0.11621093231027553
128,Park Aerospace Corp.,Technology Hardware,NYS,PKE,265335742.72,0.11618294234516878
129,"Highwoods Properties, Inc.",Real Estate,NYS,HIW,2852528506.88,0.11678389541738093
130,"Mid-America Apartment Communities, Inc.",Real Estate,NYS,MAA,15923070074.88,0.11981992049428175
131,Redfin Corporation,Real Estate,NAS,RDFN,928767526.4,0.1163370442637149
132,Richardson Electronics Ltd.,Technology Hardware,NAS,RELL,163544793.6,0.11615929834598772
133,Public Storage,Real Estate,NYS,PSA,50113534853.12,0.12776168081978864
134,Atlantica Sustainable Infrastructure Plc,Utilities,NAS,AY,2354264279.04,0.11828106184048687
135,"O'Reilly Automotive, Inc.",Retailing,NAS,ORLY,56546558279.68,0.13086884657035103
136,"Lowe's Companies, Inc.",Retailing,NYS,LOW,127413275197.44,0.1473297658490671
137,"Barrett Business Services, Inc.",Commercial Services,NAS,BBSI,827376872.96,0.11953929969681754
138,"Dolby Laboratories, Inc.",Media,NYS,DLB,7165459066.88,0.12101150927436943
139,"Opendoor Technologies, Inc.",Real Estate,NAS,OPEN,1730599782.4,0.11974910029221175
140,"Crown Castle, Inc.",Real Estate,NYS,CCI,42226772705.28,0.13076845357769915
141,"Autoliv, Inc.",Auto Components,NYS,ALV,7993565757.440001,0.12281676510207915
142,"Lumentum Holdings, Inc.",Technology Hardware,NAS,LITE,3570442690.56,0.12178936218389073
143,Ardagh Metal Packaging SA,Containers & Packaging,NYS,AMBP,1979420067.84,0.12141979948785674
144,"Boston Properties, Inc.",Real Estate,NYS,BXP,11113301360.64,0.12354141721196604
145,"ExlService Holdings, Inc.",Software & Services,NAS,EXLS,5146815262.72,0.12215552196653766
146,Brandywine Realty Trust,Real Estate,NYS,BDN,758254108.1600001,0.12113614708850069
147,Meritage Homes Corp.,Homebuilders,NYS,MTH,6349229649.92,0.12404772197690146
148,"Dentsply Sirona, Inc.",Healthcare,NAS,XRAY,5260705669.12,0.12379487965316732
149,"Foot Locker, Inc.",Retailing,NYS,FL,2304867962.88,0.12310829774279229
150,Haemonetics Corp.,Healthcare,NYS,HAE,4237198397.44,0.1235571394090432
151,"Brixmor Property Group, Inc.",Real Estate,NYS,BRX,6794051563.52,0.12415104520015266
152,"Mettler-Toledo International, Inc.",Pharmaceuticals,NYS,MTD,27080773550.08,0.1288632444888265
153,"Motorola Solutions, Inc.",Technology Hardware,NYS,MSI,60412455157.76,0.1382184299062097
154,"Digital Realty Trust, Inc.",Real Estate,NYS,DLR,47770856980.48,0.13528203978965248
155,Lam Research Corp.,Semiconductors,NAS,LRCX,116394217635.84,0.15122187233040632
156,Fox Corp.,Media,NAS,FOXA,15526075678.72,0.12779222277464825
157,"Leggett & Platt, Inc.",Consumer Durables,NYS,LEG,1585806679.04,0.12616708065691756
158,"FARO Technologies, Inc.",Technology Hardware,NAS,FARO,313102260.48,0.1258714569055888
159,"Iron Mountain, Inc.",Real Estate,NYS,IRM,26757883166.72,0.13362695319586748
160,"Insperity, Inc.",Commercial Services,NYS,NSP,3520774113.28,0.12822943807119633
161,ReNew Energy Global Plc,Utilities,NAS,RNW,1871989504.0,0.12784645842233178
162,Federal Realty Investment Trust,Real Estate,NYS,FRT,8447156551.68,0.12937373806393754
163,Topgolf Callaway Brands Corp.,Consumer Durables,NYS,MODG,2658240522.24,0.12964199201549495
164,"Simon Property Group, Inc.",Real Estate,NYS,SPG,53410287288.32,0.14143067620155042
165,Marine Products Corp.,Consumer Durables,NYS,MPX,333122314.24,0.1291019136148012
166,InvenTrust Properties Corp.,Real Estate,NYS,IVT,1665395834.88,0.13102427730151592
167,"Penske Automotive Group, Inc.",Retailing,NYS,PAG,9905547264.0,0.1329382994746688
168,American Tower Corp.,Real Estate,NYS,AMT,91559971389.44,0.15190498712070066
169,"Escalade, Inc.",Consumer Durables,NAS,ESCA,188229438.72,0.13068116112701272
170,International Game Technology PLC,Consumer Services,NYS,IGT,4003160760.32,0.13156729328142844
171,"America's Car-Mart, Inc.",Retailing,NAS,CRMT,402711879.68,0.13234388432897867
172,Bicycle Therapeutics Plc,Pharmaceuticals,NAS,BCYC,1480863677.44,0.13259431740228905
173,"Tempur Sealy International, Inc.",Consumer Durables,NYS,TPX,8553808486.400001,0.13423722085015466
174,"Thermo Fisher Scientific, Inc.",Pharmaceuticals,NYS,TMO,194925260308.48,0.17752757713772732
175,Waters Corp.,Pharmaceuticals,NYS,WAT,17157013995.52,0.13784847644196918
176,"AutoNation, Inc.",Retailing,NYS,AN,6631087267.84,0.13540351443816853
177,"Gentherm, Inc.",Auto Components,NAS,THRM,1537764956.16,0.13422043765572997
178,Genuine Parts Co.,Retailing,NYS,GPC,18462020894.72,0.13815160341271382
179,"Monro, Inc.",Retailing,NAS,MNRO,695337766.4,0.1340247586886215
180,"Udemy, Inc.",Software & Services,NAS,UDMY,1224035829.76,0.13414756466189498
181,"The Home Depot, Inc.",Retailing,NYS,HD,339269657559.04004,0.21266879343938522
182,"EastGroup Properties, Inc.",Real Estate,NYS,EGP,8219849605.12,0.1357725521151556
183,"Newell Brands, Inc.",Consumer Durables,NAS,NWL,2574330163.2000003,0.1344612109967613
184,"Cisco Systems, Inc.",Technology Hardware,NAS,CSCO,179839635292.16,0.1772492949781689
185,"Hannon Armstrong Sustainable Infrastructure Capital, Inc.",Real Estate,NYS,HASI,3432511344.6400003,0.13627345252647974
186,"Okta, Inc.",Software & Services,NAS,OKTA,14887126876.16,0.13893413034300528
187,"Movado Group, Inc.",Textiles & Apparel,NYS,MOV,531462773.7600001,0.135599597035131
188,"UDR, Inc.",Real Estate,NYS,UDR,14451212328.96,0.1388328761226044
189,PennyMac Mortgage Investment Trust,Real Estate,NYS,PMT,1189785922.56,0.13575251232009167
190,"Cumulus Media, Inc.",Media,NAS,CMLS,33244763.040000003,0.13548387096774195
191,"Juniper Networks, Inc.",Technology Hardware,NYS,JNPR,11122389606.4,0.13805965726172778
192,Radware Ltd.,Software & Services,NAS,RDWR,696604392.96,0.13563795612641444
193,"Host Hotels & Resorts, Inc.",Real Estate,NAS,HST,12401736130.56,0.13835682384118345
194,"Sabra Health Care REIT, Inc.",Real Estate,NAS,SBRA,3533277163.52,0.13790976163424007
195,"Equinix, Inc.",Real Estate,NAS,EQIX,70124757319.68001,0.15337762902215435
196,Adient plc,Auto Components,NYS,ADNT,2102303334.4,0.13757737506808326
197,TE Connectivity Ltd.,Technology Hardware,NYS,TEL,44245661450.240005,0.14736643326424492
198,The Cigna Group,Healthcare,NYS,CI,90102362603.52,0.1580180266906532
199,"TrueBlue, Inc.",Commercial Services,NYS,TBI,318926522.88,0.13716313234576227
200,"Harley-Davidson, Inc.",Automobiles,NYS,HOG,4475875307.52,0.1397416115339648
201,"Utah Medical Products, Inc.",Healthcare,NAS,UTMD,235963057.28,0.1387567648198009
202,DiamondRock Hospitality Co.,Real Estate,NYS,DRH,1685089428.48,0.13909336785798967
203,"Frontdoor, Inc.",Consumer Services,NAS,FTDR,2690921984.0,0.13932700261947487
204,"John Wiley & Sons, Inc.",Media,NYS,WLY,2414979686.4,0.13926290674931271
205,JBG SMITH Properties,Real Estate,NYS,JBGS,1359920860.16,0.1390178377108643
206,"Group 1 Automotive, Inc.",Retailing,NYS,GPI,3902776248.32,0.1396084920984596
207,"Climb Global Solutions, Inc.",Technology Hardware,NAS,CLMB,280940090.88,0.13876721208406945
208,Booz Allen Hamilton Holding Corp.,Software & Services,NYS,BAH,18609916149.76,0.14302466619636983
209,"Ethan Allen Interiors, Inc.",Consumer Durables,NYS,ETD,726383895.0400001,0.13887067976004477
210,"Alexandria Real Estate Equities, Inc.",Real Estate,NYS,ARE,20767987793.92,0.14352594302528557
211,"LiveWire Group, Inc.",Consumer Durables,NYS,LVWR,1583267655.68,0.13906971669908497
212,The E.W. Scripps Co.,Media,NAS,SSP,274170215.68,0.14037854280342943
213,Semtech Corp.,Semiconductors,NAS,SMTC,1965256483.84,0.1407713482805878
214,"Agilysys, Inc.",Technology Hardware,NAS,AGYS,2713452298.24,0.14094513918612395
215,Sealed Air Corp.,Containers & Packaging,NYS,SEE,4936639569.92,0.14146154107141323
216,SL Green Realty Corp.,Real Estate,NYS,SLG,3694813736.96,0.14117308979719514
217,NVIDIA Corp.,Semiconductors,NAS,NVDA,2670165229568.0,0.7605407730075808
218,"Watts Water Technologies, Inc.",Machinery,NYS,WTS,6033676185.6,0.14171636070976984
219,"Akamai Technologies, Inc.",Software & Services,NAS,AKAM,13619393372.16,0.14509127413881517
220,"Tanger, Inc.",Real Estate,NYS,SKT,2829005946.88,0.14258488321062057
221,International Business Machines Corp.,Software & Services,NYS,IBM,158416766238.72,0.1787248043797126
222,"Electronic Arts, Inc.",Software & Services,NAS,EA,35938004336.64,0.15027544054976544
223,Tractor Supply Co.,Retailing,NAS,TSCO,27654818693.120003,0.1483514223903404
224,Ares Commercial Real Estate Corp.,Real Estate,NYS,ACRE,381111545.6,0.14201628635874367
225,"Palo Alto Networks, Inc.",Software & Services,NAS,PANW,98943180472.32,0.16652318455300325
226,McKesson Corp.,Healthcare,NYS,MCK,69459618693.12001,0.1596747435414115
227,Air Lease Corp.,Traders & Distributors,NYS,AL,5116734177.280001,0.14472917989403503
228,"QUALCOMM, Inc.",Semiconductors,NAS,QCOM,196719553413.12,0.18923467807699337
229,"Guidewire Software, Inc.",Software & Services,NYS,GWRE,10705591746.56,0.1460273595940333
230,Levi Strauss & Co.,Textiles & Apparel,NYS,LEVI,6765501358.08,0.14511215549461265
231,"Nasdaq, Inc.",Diversified Financials,NAS,NDAQ,33675753717.76,0.15136286825694692
232,QIAGEN NV,Pharmaceuticals,NYS,QGEN,8670135582.720001,0.14716746711170473
233,Kilroy Realty Corp.,Real Estate,NYS,KRC,3914445793.28,0.14606281560330436
234,Birkenstock Holding Plc,Textiles & Apparel,NYS,BIRK,9358992957.44,0.14732747488591802
235,"Carter's, Inc.",Retailing,NYS,CRI,2116130478.08,0.1456451029657126
236,"Tapestry, Inc.",Textiles & Apparel,NYS,TPR,9003149557.76,0.14724481958971186
237,"Fossil Group, Inc.",Textiles & Apparel,NAS,FOSL,63308107.2,0.14516827343542954
238,Coca-Cola Europacific Partners plc,Food Products,NAS,CCEP,31270124175.36,0.15402989513707357
239,"Axcelis Technologies, Inc.",Semiconductors,NAS,ACLS,4032754790.4,0.14770319964007875
240,"CommScope Holding Co., Inc.",Technology Hardware,NAS,COMM,333954170.88,0.1468440423223122
241,"JAKKS Pacific, Inc.",Consumer Durables,NAS,JAKK,191383316.48,0.14681092596772646
242,"HireQuest, Inc.",Commercial Services,NAS,HQI,171046400.0,0.1468062021092621
243,"Avis Budget Group, Inc.",Transportation,NAS,CAR,3677350871.04,0.14762064642635062
244,"Hayward Holdings, Inc.",Consumer Durables,NYS,HAYW,2670512998.4,0.14899968137563574
245,Hooker Furnishings Corp.,Consumer Durables,NAS,HOFT,152033341.44,0.14841468898228954
246,CNH Industrial NV,Machinery,NYS,CNH,12332356648.96,0.15124393418333967
247,"Arista Networks, Inc.",Technology Hardware,NYS,ANET,97062811402.24,0.17092512214864686
248,"Grand Canyon Education, Inc.",Consumer Services,NAS,LOPE,4165457592.32,0.15095983029528787
249,"STAG Industrial, Inc.",Real Estate,NYS,STAG,6618067722.240001,0.15152952251649837
250,Genpact Ltd.,Software & Services,NYS,G,5631399075.84,0.15130033914735655
251,Vornado Realty Trust,Real Estate,NYS,VNO,5636174008.320001,0.15130144826855665
252,"Recursion Pharmaceuticals, Inc.",Pharmaceuticals,NAS,RXRX,2062102425.6,0.15208416623422494
253,"PC Connection, Inc.",Technology Hardware,NAS,CNXN,1627222753.28,0.15198315239453597
254,"MarketAxess Holdings, Inc.",Diversified Financials,NAS,MKTX,7831060725.76,0.15342417972760317
255,"W.P. Carey, Inc.",Real Estate,NYS,WPC,12087192576.0,0.15441279393005983
256,"Advanced Micro Devices, Inc.",Semiconductors,NAS,AMD,237073226137.6,0.2066725443230948
257,"Equity LifeStyle Properties, Inc.",Real Estate,NYS,ELS,12407753195.52,0.15448725374295022
258,Acadia Realty Trust,Real Estate,NYS,AKR,2032858613.76,0.1520773734823234
259,Amdocs Ltd.,Software & Services,NAS,DOX,8945268162.56,0.1536829878038711
260,"TEGNA, Inc.",Media,NYS,TGNA,2538715535.36,0.15219487391574546
261,"Synopsys, Inc.",Software & Services,NAS,SNPS,80400038952.96,0.1702805002217938
262,"VICI Properties, Inc.",Real Estate,NYS,VICI,29626731560.960003,0.15848687761806773
263,"Best Buy Co., Inc.",Retailing,NYS,BBY,17694415994.88,0.15732814287496205
264,"Mohawk Industries, Inc.",Consumer Durables,NYS,MHK,7753772482.56,0.15501913044216253
265,"Granite Point Mortgage Trust, Inc.",Real Estate,NYS,GPMT,149307418.24,0.15325276548233444
266,Ferguson Plc,Traders & Distributors,NYS,FERG,39087132835.84,0.1622972426214641
267,US Foods Holding Corp.,Food Retailers,NYS,USFD,12083477954.56,0.15602483432368872
268,Ralph Lauren Corp.,Textiles & Apparel,NYS,RL,9783117373.44,0.15549050662396333
269,"Americold Realty Trust, Inc.",Real Estate,NYS,COLD,7452848578.56,0.15656213507088104
270,"Adobe, Inc.",Software & Services,NAS,ADBE,229700191518.72,0.2081857424731067
271,Paramount Global,Media,NAS,PARA,7651858739.200001,0.15660836114614485
272,"Thryv Holdings, Inc.",Media,NAS,THRY,619729487.36,0.15497493833489245
273,"E2open Parent Holdings, Inc.",Software & Services,NYS,ETWO,1314662277.12,0.1551363573063632
274,"Tetra Tech, Inc.",Commercial Services,NAS,TTEK,9889767424.0,0.15712818252091493
275,Central Garden & Pet Co.,Retailing,NAS,CENT,2227135764.48,0.15534830662577123
276,The Lovesac Co.,Consumer Durables,NAS,LOVE,422183642.88,0.1549290523909506
277,"Park Hotels & Resorts, Inc.",Real Estate,NYS,PK,2948877383.6800003,0.15551595275149097
278,"American Assets Trust, Inc.",Real Estate,NYS,AAT,1740122680.3200002,0.1568480864642569
279,Deckers Outdoor Corp.,Textiles & Apparel,NYS,DECK,20823423549.44,0.1612807551250978
280,"Iteris, Inc.",Technology Hardware,NAS,ITI,192941457.92,0.1564887072476209
281,KB Home,Homebuilders,NYS,KBH,5584814632.96,0.15774113141732538
282,Microsoft Corp.,Software & Services,NAS,MSFT,3032667725496.3203,0.8608718761861025
283,Camden Property Trust,Real Estate,NYS,CPT,11071457935.36,0.15901556878990358
284,"Extra Space Storage, Inc.",Real Estate,NYS,EXR,34035296665.6,0.16434960869056114
285,"The Children's Place, Inc.",Retailing,NAS,PLCE,94116934.72,0.15646575228978024
286,"J.B. Hunt Transport Services, Inc.",Transportation,NAS,JBHT,15560868577.28,0.16167127221021343
287,"NetApp, Inc.",Technology Hardware,NAS,NTAP,24125427138.56,0.163660647664119
288,"ABM Industries, Inc.",Commercial Services,NYS,ABM,3104237445.1200004,0.15877784623438923
289,Concentrix Corp.,Commercial Services,NAS,CNXC,4169923993.6,0.1590253838799006
290,"Franklin BSP Realty Trust, Inc.",Real Estate,NYS,FBRT,1025111869.44,0.1582949069963362
291,Helen of Troy Ltd.,Consumer Durables,NAS,HELE,1299381739.52,0.1599715176208812
292,"Fidelity National Information Services, Inc.",Software & Services,NYS,FIS,39537876664.32,0.16885355429018514
293,"Asbury Automotive Group, Inc.",Retailing,NYS,ABG,4747987107.84,0.16077255959179598
294,VF Corp.,Textiles & Apparel,NYS,VFC,5780222750.72,0.16101232726176973
295,SITE Centers Corp.,Real Estate,NYS,SITC,3007455682.56,0.1603682689947467
296,"MSCI, Inc.",Diversified Financials,NYS,MSCI,36734676172.8,0.16820242694832568
297,"FIGS, Inc.",Textiles & Apparel,NYS,FIGS,960017850.88,0.1598926901850978
298,"Kulicke & Soffa Industries, Inc.",Semiconductors,NAS,KLIC,2583477053.44,0.1602697872491066
299,"lululemon athletica, Inc.",Retailing,NAS,LULU,33658735984.640003,0.16748794763637703
300,"Cable One, Inc.",Media,NYS,CABO,1948714854.4,0.160122344700982
301,"ANSYS, Inc.",Software & Services,NAS,ANSS,25719594188.8,0.1672567471993136
302,"Ormat Technologies, Inc.",Utilities,NYS,ORA,4191888588.8,0.16225629226715127
303,"NETGEAR, Inc.",Technology Hardware,NAS,NTGR,422846425.6,0.16138081924533043
304,"Sun Communities, Inc.",Real Estate,NYS,SUI,15392164659.2,0.1648578921198458
305,Signet Jewelers Ltd.,Retailing,NYS,SIG,3595321374.7200003,0.16211772164920243
306,"Henry Schein, Inc.",Healthcare,NAS,HSIC,8390208757.76,0.16323147797368903
307,"Cirrus Logic, Inc.",Semiconductors,NAS,CRUS,6822981898.240001,0.16286744255695124
308,Columbia Sportswear Co.,Retailing,NAS,COLM,4375459942.400001,0.16229893221669206
309,Oracle Corp.,Software & Services,NYS,ORCL,353078560686.08,0.2432956799599365
310,"Omnicom Group, Inc.",Media,NYS,OMC,16488909701.12,0.16511264403145656
311,Ciena Corp.,Technology Hardware,NYS,CIEN,6665956945.92,0.16283096880485287
312,"Kontoor Brands, Inc.",Textiles & Apparel,NYS,KTB,3570778071.04,0.1637249239570282
313,"Standard Motor Products, Inc.",Auto Components,NYS,SMP,649048430.08,0.16304626466722522
314,Daily Journal Corp.,Media,NAS,DJCO,558878656.0,0.16302532003429926
315,"Allegro MicroSystems, Inc.",Semiconductors,NAS,ALGM,5665779343.360001,0.1642115508015099
316,"CareTrust REIT, Inc.",Real Estate,NYS,CTRE,3524948705.28,0.16371427871306626
317,"Salesforce, Inc.",Software & Services,NYS,CRM,223957603450.88,0.2149163703856814
318,Moody's Corp.,Diversified Financials,NYS,MCO,76616525086.72,0.18069198829378866
319,"HubSpot, Inc.",Software & Services,NYS,HUBS,22521873203.2,0.1681268838725097
320,"Veeva Systems, Inc.",Healthcare,NYS,VEEV,27056599777.280003,0.17079311327643734
321,Amcor Plc,Containers & Packaging,NYS,AMCR,13735933378.56,0.16769898920995213
322,"Four Corners Property Trust, Inc.",Real Estate,NYS,FCPT,2293720094.7200003,0.1650411921872155
323,"Funko, Inc.",Retailing,NAS,FNKO,458345648.6400001,0.16461487145560602
324,Terreno Realty Corp.,Real Estate,NYS,TRNO,5877210357.76,0.16587356521818883
325,"Safehold, Inc.",Real Estate,NYS,SAFE,1492507904.0,0.16485508663907966
326,Rithm Capital Corp.,Real Estate,NYS,RITM,5159677480.96,0.1657068966990512
327,"Gannett Co., Inc.",Media,NYS,GCI,661074022.4,0.1662748644231292
328,"Gaming & Leisure Properties, Inc.",Real Estate,NAS,GLPI,12294216540.16,0.16897701048366803
329,"Dana, Inc.",Auto Components,NYS,DAN,1659072593.92,0.16650667950700176
330,"Air Products & Chemicals, Inc.",Chemicals,NYS,APD,55316936622.08,0.1789703268558817
331,"Radius Recycling, Inc.",Commercial Services,NAS,RDUS,463302255.36,0.1662289260019006
332,"Arlo Technologies, Inc.",Consumer Durables,NYS,ARLO,1535117475.8400002,0.16647788721519477
333,"Zoom Video Communications, Inc.",Software & Services,NAS,ZM,16816007413.76,0.17002733195759695
334,"OneMain Holdings, Inc.",Diversified Financials,NYS,OMF,5792285614.08,0.1674667421266028
335,"O-I Glass, Inc.",Containers & Packaging,NYS,OI,1673326382.0800002,0.16650999037656822
336,Gen Digital Inc.,Software & Services,NAS,GEN,14850680627.2,0.16957082589950756
337,"Apollo Commercial Real Estate Finance, Inc.",Real Estate,NYS,ARI,1436063651.8400002,0.16806778222117635
338,"Camping World Holdings, Inc.",Retailing,NYS,CWH,968653544.96,0.16795921221294052
339,Pebblebrook Hotel Trust,Real Estate,NYS,PEB,1568720998.4,0.1680985958664026
340,Service Properties Trust,Real Estate,NAS,SVC,930245120.0,0.16795029070492676
341,Regions Financial Corp.,Banks,NYS,RF,18629021532.16,0.17206136205864425
342,"H&R Block, Inc.",Consumer Services,NYS,HRB,7223244840.96,0.16941202852675813
343,"Mattel, Inc.",Consumer Durables,NAS,MAT,5286122987.52,0.16896207390984652
344,"nLIGHT, Inc.",Technology Hardware,NAS,LASR,568004584.96,0.16947905270808153
345,"Dynatrace, Inc.",Software & Services,NYS,DT,11885220044.8,0.17210781523930552
346,"First Industrial Realty Trust, Inc.",Real Estate,NYS,FR,6435179376.64,0.1708418799257166
347,"ServiceNow, Inc.",Software & Services,NYS,NOW,139081486172.16,0.2016529608357405
348,"Xperi, Inc.",Software & Services,NYS,XPER,347243063.04,0.16942777422714966
349,"Visa, Inc.",Software & Services,NYS,V,513333754593.28,0.28858426862449654
350,The Walt Disney Co.,Media,NYS,DIS,163208019312.64,0.20725707136567506
351,Scholastic Corp.,Media,NAS,SCHL,985292797.44,0.16957598040390753
352,"PlayAGS, Inc.",Software & Services,NYS,AGS,420055925.76,0.16944468719712788
353,"MFA Financial, Inc.",Real Estate,NYS,MFA,1095054008.32,0.17121437896110242
354,Intel Corp.,Semiconductors,NAS,INTC,134956396707.84,0.20230768838129842
355,HollySys Automation Technologies Ltd.,Technology Hardware,NAS,HOLI,1454627102.72,0.17129790059070726
356,"Automatic Data Processing, Inc.",Software & Services,NAS,ADP,93854524047.36,0.19276054640132795
357,"MetLife, Inc.",Insurance,NYS,MET,49839483781.12,0.18253673392088215
358,"The Hartford Financial Services Group, Inc.",Insurance,NYS,HIG,28580817387.52,0.17759877140902625
359,Chimera Investment Corp.,Real Estate,NYS,CIM,1157169582.0800002,0.1712288071650617
360,"Zoetis, Inc.",Pharmaceuticals,NYS,ZTS,76423029391.36,0.18871155924741795
361,"Calix, Inc.",Technology Hardware,NYS,CALX,2223237201.92,0.1714764333258193
362,"Vishay Precision Group, Inc.",Technology Hardware,NYS,VPG,413410051.84,0.17105604671950214
363,"Autodesk, Inc.",Software & Services,NAS,ADSK,49602754150.4,0.18248174636802733
364,Trane Technologies Plc,Building Products,NYS,TT,69853317693.44,0.18718554677432148
365,Victoria's Secret & Co.,Retailing,NYS,VSCO,1372271764.48,0.1712787710947478
366,"Mirion Technologies, Inc.",Technology Hardware,NYS,MIR,2379619420.1600003,0.1715127577836612
367,"Floor & Decor Holdings, Inc.",Retailing,NYS,FND,9254397583.36,0.1731096310878788
368,Weyerhaeuser Co.,Paper & Forestry,NYS,WY,20449510113.280003,0.17732293477932293
369,"Kennedy-Wilson Holdings, Inc.",Real Estate,NYS,KW,1362682449.92,0.17288944691480193
370,Cognizant Technology Solutions Corp.,Software & Services,NAS,CTSH,34169501614.08,0.18050981407078817
371,"Sunstone Hotel Investors, Inc.",Real Estate,NYS,SHO,2021831096.32,0.173042553946325
372,Centerspace,Real Estate,NYS,CSR,1025274731.52,0.17281107385819422
373,Abercrombie & Fitch Co.,Retailing,NYS,ANF,7324289044.48,0.17427420874930877
374,Agree Realty Corp.,Real Estate,NYS,ADC,6254693335.04,0.17402576308398487
375,"Ryder System, Inc.",Transportation,NYS,R,5429827399.68,0.17383416324462048
376,"American Eagle Outfitters, Inc.",Retailing,NYS,AEO,3704669777.92,0.1734334436742782
377,"Zumiez, Inc.",Retailing,NAS,ZUMZ,420426192.6400001,0.1742834828801291
378,"American Axle & Manufacturing Holdings, Inc.",Auto Components,NYS,AXL,803545251.84,0.1743724737658639
379,Aon Plc,Insurance,NYS,AON,60100977131.52,0.18814607979786507
380,Sysco Corp.,Food Retailers,NYS,SYY,34383666544.64,0.18217246352144614
381,DXC Technology Co.,Software & Services,NYS,DXC,3278877409.28,0.17494744385907304
382,"Cass Information Systems, Inc.",Software & Services,NAS,CASS,578154554.88,0.17432012002026653
383,"Crocs, Inc.",Textiles & Apparel,NAS,CROX,7426999787.52,0.1759109696240056
384,"Xenia Hotels & Resorts, Inc.",Real Estate,NYS,XHR,1462558120.96,0.1745255492590437
385,Chatham Lodging Trust,Real Estate,NYS,CLDT,422750009.6,0.17428402265627593
386,ArcBest Corp.,Transportation,NAS,ARCB,2610777118.7200003,0.1747922575398626
387,"Sunnova Energy International, Inc.",Traders & Distributors,NYS,NOVA,831522496.0,0.1743789723194556
388,"Teradyne, Inc.",Semiconductors,NAS,TER,21880970526.72,0.17926833759508015
389,"Owens & Minor, Inc.",Healthcare,NYS,OMI,1042318254.08,0.17604083917881203
390,SpartanNash Co.,Food Retailers,NAS,SPTN,625168115.2,0.17594394355471846
391,Centene Corp.,Healthcare,NYS,CNC,33287326597.120003,0.1835307089309592
392,"Weyco Group, Inc.",Retailing,NAS,WEYS,294184999.68,0.17586706280471115
393,"eBay, Inc.",Software & Services,NAS,EBAY,25207228907.52,0.1816538640365217
394,"Berry Global Group, Inc.",Containers & Packaging,NYS,BERY,6717980016.64,0.17735918175471005
395,"Marvell Technology, Inc.",Semiconductors,NAS,MRVL,54096193126.4,0.188364191941292
396,Retail Opportunity Investments Corp.,Real Estate,NAS,ROIC,1579460945.92,0.17616560667018308
397,"Mesa Laboratories, Inc.",Technology Hardware,NAS,MLAB,558387361.28,0.1759284317228253
398,Avery Dennison Corp.,Containers & Packaging,NYS,AVY,16515220111.36,0.17963488444516404
399,"MAXIMUS, Inc.",Commercial Services,NYS,MMS,5107096227.84,0.176985005707503
400,Service Corp. International,Consumer Services,NYS,SCI,10057945661.44,0.1797478921190995
401,Teradata Corp.,Software & Services,NYS,TDC,3111071293.44,0.17813427231018786
402,"The TJX Cos., Inc.",Retailing,NYS,TJX,118498944942.08,0.20493656478942285
403,"Ulta Beauty, Inc.",Retailing,NAS,ULTA,17580267929.600002,0.18149517695223727
404,Realty Income Corp.,Real Estate,NYS,O,46168092508.16,0.18813555614869246
405,"Broadstone Net Lease, Inc.",Real Estate,NYS,BNL,3163230730.24,0.17814638790289672
406,"OSI Systems, Inc.",Technology Hardware,NAS,OSIS,2340016025.6,0.17795517161136373
407,"Broadridge Financial Solutions, Inc.",Software & Services,NYS,BR,22608401367.04,0.18266311166455595
408,"Commvault Systems, Inc.",Software & Services,NAS,CVLT,4910864732.16,0.17855232828627485
409,"Netflix, Inc.",Media,NAS,NFLX,256671881625.6,0.23703137115515371
410,"Bentley Systems, Inc.",Software & Services,NAS,BSY,13733760000.0,0.1806017101840848
411,"Mastercard, Inc.",Software & Services,NYS,MA,385852694855.68,0.2686503905300538
412,"SolarEdge Technologies, Inc.",Electrical Equipment,NAS,SEDG,1468748057.6,0.17936569673479494
413,"Sonos, Inc.",Consumer Durables,NAS,SONO,1608970659.8400002,0.17939826763742617
414,"Etsy, Inc.",Software & Services,NAS,ETSY,6987214233.6,0.18064752592367747
415,"Petco Health & Wellness Company, Inc.",Retailing,NAS,WOOF,936799347.2,0.1792421357013062
416,PVH Corp.,Textiles & Apparel,NYS,PVH,5388154961.92,0.18027609647501888
417,"The Cooper Cos., Inc.",Healthcare,NAS,COO,16662998548.48,0.18289501686854995
418,"Vera Bradley, Inc.",Textiles & Apparel,NAS,VRA,187188558.08,0.17906801612547657
419,ICON plc,Pharmaceuticals,NAS,ICLR,25429716172.8,0.18493134982469206
420,"Nexstar Media Group, Inc.",Media,NAS,NXST,5486769541.12,0.18029900266707236
421,"Nextracker, Inc.",Technology Hardware,NAS,NXT,6465126686.72,0.18052625544101086
422,"United Rentals, Inc.",Traders & Distributors,NYS,URI,44715461672.96,0.19102394554530405
423,"Copart, Inc.",Commercial Services,NAS,CPRT,46912799211.52,0.19153434305521416
424,CyberArk Software Ltd.,Software & Services,NAS,CYBR,10623960514.56,0.18310517248700198
425,"Dell Technologies, Inc.",Technology Hardware,NYS,DELL,81451159060.48001,0.1995569124392701
426,"Academy Sports & Outdoors, Inc.",Retailing,NAS,ASO,3808798115.84,0.18152214673110503
427,"Vista Outdoor, Inc.",Consumer Durables,NYS,VSTO,2037816545.28,0.18111078317505216
428,Steven Madden Ltd.,Textiles & Apparel,NAS,SHOO,2987226634.24,0.18133131212737977
429,LCI Industries,Auto Components,NYS,LCII,2707339376.6400003,0.18126629992200496
430,Globant SA,Software & Services,NYS,GLOB,7786257285.12,0.18244603085001926
431,"WESCO International, Inc.",Traders & Distributors,NYS,WCC,8218314956.8,0.18254638919546834
432,"Easterly Government Properties, Inc.",Real Estate,NYS,DEA,1322963415.04,0.1825576403331866
433,"Dynex Capital, Inc.",Real Estate,NYS,DX,861201607.6800001,0.18245038231182564
434,Goodyear Tire & Rubber Co.,Auto Components,NAS,GT,3208422543.36,0.18299559473356627
435,"UiPath, Inc.",Software & Services,NYS,PATH,6623833722.88,0.1837889263591155
436,"Tradeweb Markets, Inc.",Diversified Financials,NAS,TW,21656224153.6,0.18728064964204091
437,"Napco Security Technologies, Inc.",Technology Hardware,NAS,NSSC,1827081610.24,0.18267473689528288
438,"Haverty Furniture Cos., Inc.",Retailing,NYS,HVT,403598259.2,0.18395699344299846
439,Graham Holdings Co.,Consumer Services,NYS,GHC,3206542622.7200003,0.18460806129145232
440,Repligen Corp.,Pharmaceuticals,NAS,RGEN,6801504829.440001,0.1854430990252241
441,Whitestone REIT,Real Estate,NYS,WSR,655100528.64,0.18401541238401517
442,"Merit Medical Systems, Inc.",Healthcare,NAS,MMSI,4631535656.96,0.18493905863872012
443,Elastic NV,Software & Services,NYS,ESTC,10811043471.36,0.1863744345632614
444,"Stride, Inc.",Consumer Services,NYS,LRN,2834165012.48,0.18452156542922019
445,"Old Dominion Freight Line, Inc.",Transportation,NAS,ODFL,39716566630.4,0.19308860877824852
446,"Azenta, Inc.",Pharmaceuticals,NAS,AZTA,2741689733.12,0.18450008527358397
447,"Dorman Products, Inc.",Auto Components,NAS,DORM,2911048161.28,0.1845394238451499
448,EPR Properties,Real Estate,NYS,EPR,3095947847.6800003,0.18619527556560753
449,"Burlington Stores, Inc.",Retailing,NYS,BURL,14486204006.400002,0.18884100398858744
450,"Walgreens Boots Alliance, Inc.",Food Retailers,NAS,WBA,9411424419.84,0.18766223430988788
451,"Boot Barn Holdings, Inc.",Retailing,NYS,BOOT,3423741050.88,0.18627141536285888
452,"W.W. Grainger, Inc.",Traders & Distributors,NYS,GWW,44064344965.12,0.1957114138496933
453,"AMMO, Inc.",Consumer Durables,NAS,POWW,196267265.28,0.18552173783058956
454,Deere & Co.,Machinery,NYS,DE,97639846707.2,0.20815593008876965
455,Graphic Packaging Holding Co.,Containers & Packaging,NYS,GPK,7938510602.240001,0.18732010592422899
456,"Cooper-Standard Holdings, Inc.",Auto Components,NYS,CPS,239716863.36,0.18553183030217277
457,"Invitation Homes, Inc.",Real Estate,NYS,INVH,20146309201.92,0.1901557330854725
458,"Bright Horizons Family Solutions, Inc.",Consumer Services,NYS,BFAM,6364708024.320001,0.18695454309978152
459,Viad Corp.,Commercial Services,NYS,VVI,752831554.5600001,0.1856510165701407
460,"Sirius XM Holdings, Inc.",Media,NAS,SIRI,13447817994.24,0.1885998077109872
461,"Ribbon Communications, Inc.",Technology Hardware,NAS,RBBN,617589199.36,0.18561960247917053
462,"Take-Two Interactive Software, Inc.",Software & Services,NAS,TTWO,24129621278.72,0.19108097671760282
463,G-III Apparel Group Ltd.,Textiles & Apparel,NAS,GIII,1098874378.24,0.1873442986145989
464,"Voya Financial, Inc.",Diversified Financials,NYS,VOYA,6771416678.400001,0.18866191660184667
465,"IQVIA Holdings, Inc.",Pharmaceuticals,NYS,IQV,38602131210.24,0.1960555541976242
466,"Datadog, Inc.",Software & Services,NAS,DDOG,37285668618.24,0.19574976629883512
467,"Clear Channel Outdoor Holdings, Inc.",Media,NYS,CCO,786818268.1600001,0.18727181422895398
468,"Maravai Lifesciences Holdings, Inc.",Pharmaceuticals,NAS,MRVI,2153152573.44,0.18758918632808838
469,"CACI International, Inc.",Software & Services,NYS,CACI,9159530127.36,0.1892166275355755
470,Warner Music Group Corp.,Media,NAS,WMG,15104444006.400002,0.1905975119865281
471,"The Aaron's Co., Inc.",Retailing,NYS,AAN,289135156.48,0.1871562124079009
472,"Atlanta Braves Holdings, Inc.",Media,NAS,BATRK,2514057533.44,0.18767301732340236
473,Johnson Controls International Plc,Building Products,NYS,JCI,43291767767.04,0.1971448628627566
474,"Gap, Inc.",Retailing,NYS,GPS,7919164989.440001,0.1889285155515657
475,Carvana Co.,Retailing,NYS,CVNA,14390328524.8,0.19043163725986426
476,Definitive Healthcare Corp.,Healthcare,NAS,DH,639066150.4,0.18723749437064122
477,"Expeditors International of Washington, Inc.",Transportation,NYS,EXPD,15699481518.08,0.1923486305110472
478,"CSG Systems International, Inc.",Software & Services,NAS,CSGS,1213706158.0800002,0.18898387496342825
479,"NNN REIT, Inc.",Real Estate,NYS,NNN,7784631726.08,0.19051016939423732
480,"Summit Hotel Properties, Inc.",Real Estate,NYS,INN,614141068.8000001,0.188844607999101
481,"Newmark Group, Inc.",Real Estate,NAS,NMRK,2641083125.76,0.1893154260506974
482,"Paycor HCM, Inc.",Software & Services,NAS,PYCR,2152705556.48,0.18920198572080624
483,"Hanesbrands, Inc.",Textiles & Apparel,NYS,HBI,1775674424.3200002,0.18911440893861595
484,KLA Corp.,Semiconductors,NAS,KLAC,96834436136.96,0.21119465579275415
485,"Genesco, Inc.",Retailing,NYS,GCO,301202288.64,0.1887719185868714
486,Clarus Corp.,Consumer Durables,NAS,CLAR,224795125.76,0.1887541707329396
487,"New York Mortgage Trust, Inc.",Real Estate,NAS,NYMT,574917568.0,0.188835497165291
488,"Procore Technologies, Inc.",Software & Services,NYS,PCOR,9501409075.2,0.190908942395055
489,"Hibbett, Inc.",Retailing,NAS,HIBB,960604884.48,0.1889250846057642
490,"Revvity, Inc.",Pharmaceuticals,NYS,RVTY,12871073792.0,0.1916916480333584
491,"Hilton Worldwide Holdings, Inc.",Consumer Services,NYS,HLT,50561000243.200005,0.20044626323098255
492,"The Buckle, Inc.",Retailing,NYS,BKE,1898080056.32,0.19075574454164043
493,Diversified Healthcare Trust,Real Estate,NAS,DHC,743850941.44,0.19048764023096337
494,"Stitch Fix, Inc.",Retailing,NAS,SFIX,536881264.64,0.19043956531947986
495,"Aspen Technology, Inc.",Software & Services,NAS,AZPN,11581254164.48,0.1930049519875159
496,"Ryman Hospitality Properties, Inc.",Real Estate,NYS,RHP,5852082728.96,0.19167418018608673
497,"Verisk Analytics, Inc.",Commercial Services,NAS,VRSK,36642823372.8,0.1988262526725026
498,"Under Armour, Inc.",Retailing,NYS,UAA,2744579799.04,0.19095236948125122
499,"IDEXX Laboratories, Inc.",Healthcare,NAS,IDXX,37721945866.24,0.19907691121898183
500,Criteo SA,Software & Services,NAS,CRTO,2060023726.08,0.19079336081330592
501,Capri Holdings Ltd.,Textiles & Apparel,NYS,CPRI,3746439249.92,0.19118508137008744
502,TopBuild Corp.,Homebuilders,NYS,BLD,12963815915.52,0.19332609339735604
503,"City Office REIT, Inc.",Real Estate,NYS,CIO,216848195.2,0.1903652280459092
504,Endava Plc,Software & Services,NYS,DAVA,1700189440.0,0.190709778514104
505,"Resources Connection, Inc.",Commercial Services,NAS,RGP,341198824.96000004,0.19039411220715957
506,"Fortinet, Inc.",Software & Services,NAS,FTNT,41543866449.92,0.19996466683902317
507,"F5, Inc.",Software & Services,NAS,FFIV,9728695296.0,0.19257463965869012
508,"Strategic Education, Inc.",Consumer Services,NAS,STRA,2695496960.0,0.1925538717464015
509,"Cohu, Inc.",Semiconductors,NAS,COHU,1473713408.0,0.19227007589271644
510,"WW International, Inc.",Consumer Services,NAS,WW,96186198.72,0.19195010390611364
511,"Pure Storage, Inc.",Technology Hardware,NYS,PSTG,18141421649.92,0.19614165075697654
512,Turtle Beach Corp.,Consumer Durables,NAS,HEAR,312061939.2,0.1920002475178517
513,"Tri Pointe Homes, Inc.",Homebuilders,NYS,TPH,3901714288.64,0.19283405187810387
514,"LTC Properties, Inc.",Real Estate,NYS,LTC,1463903646.72,0.19226779728160537
515,Fox Factory Holding Corp.,Auto Components,NAS,FOXF,1945338910.72,0.19237962505299525
516,"Evolv Technologies Holdings, Inc.",Technology Hardware,NAS,EVLV,498292195.84,0.19204350507732582
517,"OneSpan, Inc.",Software & Services,NAS,OSPN,461684821.76,0.19203500191736658
518,"OraSure Technologies, Inc.",Healthcare,NAS,OSUR,302789340.16,0.19199809367877263
519,"Mister Car Wash, Inc.",Consumer Services,NYS,MCW,2257522790.4,0.19245213911695977
520,"PayPal Holdings, Inc.",Software & Services,NAS,PYPL,58935296327.68,0.20561725097302636
521,PAR Technology Corp.,Technology Hardware,NYS,PAR,1640832040.96,0.19392179743051438
522,Cushman & Wakefield Plc,Real Estate,NYS,CWK,2671157381.12,0.19416112137541888
523,"National Vision Holdings, Inc.",Retailing,NAS,EYE,1024152596.48,0.19377855514417833
524,"FactSet Research Systems, Inc.",Software & Services,NYS,FDS,15430439485.44,0.19712484711168116
525,"FRP Holdings, Inc.",Real Estate,NAS,FRPH,533351232.0,0.19366455181519718
526,Synchrony Financial,Diversified Financials,NYS,SYF,19291137966.08,0.1980216100606834
527,Performance Food Group Co.,Food Retailers,NYS,PFGC,9505903738.88,0.1957486960928444
528,PotlatchDeltic Corp.,Paper & Forestry,NAS,PCH,3130714839.04,0.19426786737054566
529,AGCO Corp.,Machinery,NYS,AGCO,7055840993.280001,0.19517959557800166
530,"Redwood Trust, Inc.",Real Estate,NYS,RWT,910639846.4,0.19375218840535594
531,"Avantor, Inc.",Pharmaceuticals,NYS,AVTR,13385887539.2,0.19664993863543193
532,"Viavi Solutions, Inc.",Technology Hardware,NAS,VIAV,1601955932.16,0.1939127672889097
533,"Zscaler, Inc.",Software & Services,NAS,ZS,27106394357.76,0.1998369376248939
534,"Tilly's, Inc.",Retailing,NYS,TLYS,173800040.96,0.19358103527330428
535,"Omnicell, Inc.",Healthcare,NAS,OMCL,1210874147.8400002,0.19382192682157803
536,"iHeartMedia, Inc.",Media,NAS,IHRT,169167024.0,0.1951928623420442
537,"SiteOne Landscape Supply, Inc.",Traders & Distributors,NYS,SITE,5832885022.72,0.1965084306207685
538,"Leslie's, Inc.",Retailing,NAS,LESL,693451368.96,0.1953146430969153
539,"Certara, Inc.",Healthcare,NAS,CERT,2448964751.36,0.1957224137025993
540,Equity Commonwealth,Real Estate,NYS,EQC,1904143754.24,0.19559586269466492
541,"Huntington Bancshares, Inc.",Banks,NAS,HBAN,19252996915.2,0.19962565388412093
542,Perdoceo Education Corp.,Consumer Services,NAS,PRDO,1408671498.24,0.19548077441111533
543,OneSpaWorld Holdings Ltd.,Consumer Services,NAS,OSW,1604972354.5600002,0.1955263711692377
544,"Blackstone Mortgage Trust, Inc.",Real Estate,NYS,BXMT,3152424366.08,0.19588581328476395
545,"Independence Realty Trust, Inc.",Real Estate,NYS,IRT,4093525073.92,0.19610441213424748
546,"Kyndryl Holdings, Inc.",Software & Services,NYS,KD,5742908375.04,0.19648753084723802
547,CubeSmart,Real Estate,NYS,CUBE,10145723965.44,0.19751021674528454
548,Taylor Morrison Home Corp.,Homebuilders,NYS,TMHC,6263386849.280001,0.19660842757455102
549,"Smartsheet, Inc.",Software & Services,NYS,SMAR,5770632376.320001,0.19649397057757975
550,Office Properties Income Trust,Real Estate,NAS,OPI,120734492.48,0.19518161243480298
551,"Corning, Inc.",Technology Hardware,NYS,GLW,36126020894.72,0.20515782270871386
552,"Paychex, Inc.",Software & Services,NAS,PAYX,42014288445.44,0.20652554935190473
553,Xerox Holdings Corp.,Technology Hardware,NAS,XRX,1375716362.24,0.19708602281873477
554,"GLOBALFOUNDRIES, Inc.",Semiconductors,NAS,GFS,29508170792.960003,0.2036206286483465
555,"Match Group, Inc.",Software & Services,NAS,MTCH,8688937615.36,0.1987847376731946
556,"Guess?, Inc.",Retailing,NYS,GES,1178903838.72,0.19704030721056764
557,"The Duckhorn Portfolio, Inc.",Food Retailers,NYS,NAPA,1036304839.68,0.1970071843185456
558,"Oxford Industries, Inc.",Textiles & Apparel,NYS,OXM,1505542640.64,0.19711617886351782
559,Carrier Global Corp.,Building Products,NYS,CARR,56019159285.76,0.20977860040941151
560,"Apple, Inc.",Technology Hardware,NAS,AAPL,3228895302123.52,0.9483870967741939
561,Janus Henderson Group Plc,Diversified Financials,NYS,JHG,5253974978.56,0.19959976786143133
562,"Tile Shop Holdings, Inc.",Retailing,NAS,TTSH,294941548.8,0.19844788369721267
563,"Regeneron Pharmaceuticals, Inc.",Pharmaceuticals,NAS,REGN,110050514698.24,0.22394190555374624
564,"Uniti Group, Inc.",Real Estate,NAS,UNIT,853200581.12,0.19857755609163583
565,"Bio-Rad Laboratories, Inc.",Pharmaceuticals,NYS,BIO,8214938542.08,0.20028754040581043
566,"Upbound Group, Inc.",Retailing,NAS,UPBD,1686191073.28,0.1987710431028557
567,"Snowflake, Inc.",Software & Services,NYS,SNOW,41612344360.96,0.2096579922413695
568,"Intuit, Inc.",Software & Services,NAS,INTU,169460611809.28,0.23935458468874854
569,Unum Group,Insurance,NYS,UNM,9392867328.0,0.20217405290130552
570,"Peloton Interactive, Inc.",Consumer Durables,NAS,PTON,1328774988.8,0.20030092572926889
571,Willis Towers Watson Plc,Insurance,NAS,WTW,25157458821.120003,0.20583585182916228
572,"Dick's Sporting Goods, Inc.",Retailing,NYS,DKS,16027296153.6,0.2037150978672424
573,"Roku, Inc.",Media,NAS,ROKU,8590739906.56,0.20198773476340037
574,"Harmonic, Inc.",Technology Hardware,NAS,HLIT,1350954849.28,0.20030607766672068
575,The ODP Corp.,Retailing,NAS,ODP,1377072015.36,0.20031214416142132
576,"Yum China Holdings, Inc.",Consumer Services,NYS,YUMC,11087552430.08,0.2025676943155191
577,"ZoomInfo Technologies, Inc.",Software & Services,NAS,ZI,10479183544.32,0.20242638240556005
578,Fifth Third Bancorp,Banks,NAS,FITB,25669818449.92,0.20595486271125432
579,"Ellington Financial, Inc.",Real Estate,NYS,EFC,1024925102.08,0.20184325071079254
580,"Littelfuse, Inc.",Technology Hardware,NAS,LFUS,6122926489.6,0.20302741434885319
581,"Destination XL Group, Inc.",Retailing,NAS,DXLG,203054848.64,0.20165234670835153
582,"Unity Software, Inc.",Software & Services,NYS,U,6505038376.96,0.20311617128873755
583,Cintas Corp.,Commercial Services,NAS,CTAS,67188557742.08,0.21721173768807933
584,"UnitedHealth Group, Inc.",Healthcare,NYS,UNH,485427295027.2,0.3143602213926652
585,"Blackbaud, Inc.",Software & Services,NAS,BLKB,3679516006.4,0.20245985902135863
586,"Leidos Holdings, Inc.",Software & Services,NYS,LDOS,18689111162.88,0.20594628741853904
587,"DocuSign, Inc.",Software & Services,NAS,DOCU,10580869775.36,0.2040629053066345
588,"Plymouth Industrial REIT, Inc.",Real Estate,NYS,PLYM,1003578040.32,0.20183829221580712
589,"Essential Properties Realty Trust, Inc.",Real Estate,NYS,EPRT,4964431400.96,0.2027583191378951
590,"Premier, Inc.",Healthcare,NAS,PINC,1907472476.16,0.20204824879333716
591,"Kenvue, Inc.",Retailing,NYS,KVUE,32484369203.2,0.20915064961996985
592,Ichor Holdings Ltd.,Semiconductors,NAS,ICHR,1178608261.12,0.20349185145703574
593,"FormFactor, Inc.",Semiconductors,NAS,FORM,4057444352.0,0.2041605474340714
594,Triton International Ltd.,Commercial Services,NYS,TRTN.PRE,,
595,"CME Group, Inc.",Diversified Financials,NAS,CME,66735598141.44,0.21871942746888726
596,"Extreme Networks, Inc.",Technology Hardware,NAS,EXTR,1672534681.6,0.2036065806739484
597,Target Corp.,Retailing,NYS,TGT,66367862865.920006,0.21863400992805077
598,RLJ Lodging Trust,Real Estate,NYS,RLJ,1438499517.44,0.2035522189917205
599,Alliant Energy Corp.,Utilities,NAS,LNT,13102505164.8,0.20626153393925073
600,Atrion Corp.,Healthcare,NAS,ATRI,739062878.72,0.20338975386632308
601,"Arhaus, Inc.",Consumer Durables,NAS,ARHS,2118997463.04,0.20532318826374793
602,"MarineMax, Inc.",Retailing,NYS,HZO,742725862.4,0.20500350792988944
603,"Medpace Holdings, Inc.",Pharmaceuticals,NAS,MEDP,12456280678.4,0.20772433215710392
604,"Booking Holdings, Inc.",Software & Services,NAS,BKNG,124529824563.2,0.2337567721995606
605,"AMN Healthcare Services, Inc.",Healthcare,NYS,AMN,1993272412.16,0.2052939848519933
606,"Ross Stores, Inc.",Retailing,NAS,ROST,45296819240.96,0.21535253165412882
607,"Caleres, Inc.",Retailing,NYS,CAL,1111461509.12,0.20508915783692389
608,"Manhattan Associates, Inc.",Software & Services,NAS,MANH,12681528238.08,0.20777665265477738
609,"Equitable Holdings, Inc.",Insurance,NYS,EQH,12657233879.04,0.2077710095616516
610,"European Wax Center, Inc.",Consumer Services,NAS,EWCZ,552923120.64,0.2049594205536587
611,"Hertz Global Holdings, Inc.",Transportation,NAS,HTZ,1280133278.72,0.20674124013726272
612,Truist Financial Corp.,Banks,NYS,TFC,53058337505.28,0.2187682801532322
613,"Omega Healthcare Investors, Inc.",Real Estate,NYS,OHI,8383397519.360001,0.20839118618198013
614,"T. Rowe Price Group, Inc.",Diversified Financials,NAS,TROW,24272263495.68,0.21208185158376616
615,"First Solar, Inc.",Semiconductors,NAS,FSLR,20500107345.92,0.21120565524522306
616,Neogen Corp.,Healthcare,NAS,NEOG,3501338296.32,0.2072571815846226
617,"Dayforce, Inc.",Software & Services,NYS,DAY,8078353899.52,0.20832033065739725
618,"Schneider National, Inc.",Transportation,NYS,SNDR,4033379389.44,0.20899366730257374
619,"MongoDB, Inc.",Software & Services,NAS,MDB,17731741204.48,0.21217552245115773
620,"Montrose Environmental Group, Inc.",Commercial Services,NYS,MEG,1227223121.92,0.20834185339313702
621,"Mercer International, Inc.",Paper & Forestry,NAS,MERC,514769410.56,0.208176364662424
622,"The Shyft Group, Inc.",Auto Components,NAS,SHYF,387079857.92,0.20814670493624843
623,"The Chefs' Warehouse, Inc.",Food Retailers,NAS,CHEF,1551414517.76,0.20841715656266255
624,"Healthcare Services Group, Inc.",Commercial Services,NAS,HCSG,796795130.88,0.2082418735898673
625,The Western Union Co.,Software & Services,NYS,WU,4042607063.04,0.20899581070637266
626,"Apple Hospitality REIT, Inc.",Real Estate,NYS,APLE,3411262259.2000003,0.20884916195072187
627,Madison Square Garden Sports Corp.,Media,NYS,MSGS,4367272325.12,0.2090712239455369
628,"Designer Brands, Inc.",Retailing,NYS,DBI,387142064.6400001,0.20814671938562385
629,"Rockwell Automation, Inc.",Electrical Equipment,NYS,ROK,30191549972.48,0.21668258975396384
630,Gentex Corp.,Auto Components,NAS,GNTX,7388825763.84,0.21138597353045738
631,"Workday, Inc.",Software & Services,NAS,WDAY,56555357306.880005,0.22280637427914232
632,"Century Communities, Inc.",Homebuilders,NYS,CCS,2818877409.28,0.21032446603802463
633,"Informatica, Inc. (California)",Software & Services,NYS,INFA,6979793940.4800005,0.21129096362849495
634,Coherent Corp.,Technology Hardware,NYS,COHR,10634824581.12,0.21213995405663388
635,The Cato Corp.,Retailing,NYS,CATO,100228134.08,0.20969297825063155
636,RH,Retailing,NYS,RH,4855846318.08,0.21079761312652207
637,Lattice Semiconductor Corp.,Semiconductors,NAS,LSCC,7591274045.440001,0.211432998212374
638,"C.H. Robinson Worldwide, Inc.",Transportation,NAS,CHRW,9584507125.76,0.2118959863436979
639,"Invesco Mortgage Capital, Inc.",Real Estate,NYS,IVR,443355978.24,0.2097726799779114
640,"Build-A-Bear Workshop, Inc.",Retailing,NYS,BBW,326153777.92,0.20974545625367716
641,"ON24, Inc.",Software & Services,NYS,ONTF,245733162.88000005,0.21133967938098192
642,"Ziff Davis, Inc.",Software & Services,NAS,ZD,2149477283.84,0.2117818810190064
643,"CrowdStrike Holdings, Inc.",Software & Services,NAS,CRWD,79468269076.48001,0.22974148809242992
644,"Silicon Laboratories, Inc.",Semiconductors,NAS,SLAB,3499488993.28,0.2120954617059769
645,National Rural Utilities Cooperative Finance Corp.,Banks,NYS,NRUC,,
646,"Gray Television, Inc.",Media,NYS,GTN,547318215.6800001,0.211409731549697
647,"Saia, Inc.",Transportation,NAS,SAIA,11801947709.44,0.2140239566142451
648,Knowles Corp.,Technology Hardware,NYS,KN,1600930595.8400002,0.21165446460768525
649,Lincoln Educational Services Corp.,Consumer Services,NAS,LINC,380405868.8,0.2113709611538312
650,"Daktronics, Inc.",Technology Hardware,NAS,DAKT,617593968.64,0.21142605519988203
651,"Community Healthcare Trust, Inc.",Real Estate,NYS,CHCT,678158643.2,0.21144012316101293
652,"Primerica, Inc.",Insurance,NYS,PRI,7932304179.200001,0.21473801913514617
653,Check Point Software Technologies Ltd.,Software & Services,NAS,CHKP,17521749688.32,0.21696545530432068
654,"HF Foods Group, Inc.",Food Retailers,NAS,HFFG,163114513.28,0.21293339194887256
655,"Alight, Inc.",Software & Services,NYS,ALIT,3686256353.28,0.21375174724961282
656,Atlassian Corp.,Software & Services,NAS,TEAM,42846717870.08,0.22284793829643926
657,"Digi International, Inc.",Technology Hardware,NAS,DGII,852344171.52,0.2130934861970928
658,"EVERTEC, Inc.",Software & Services,NYS,EVTC,2057983416.32,0.2133735320514949
659,"Aflac, Inc.",Insurance,NYS,AFL,49171206144.0,0.22431699027858482
660,"Sinclair, Inc.",Media,NAS,SBGI,947957283.84,0.21311569520849252
661,"Phillips Edison & Co., Inc.",Real Estate,NAS,PECO,4406209904.64,0.21391897804297827
662,"nCino, Inc.",Software & Services,NAS,NCNO,3488656486.4,0.21370584875734921
663,"Sally Beauty Holdings, Inc.",Retailing,NYS,SBH,1115177072.64,0.21315453701696002
664,"Fiserv, Inc.",Software & Services,NYS,FI,85028900044.8,0.23264601454405145
665,"J.Jill, Inc.",Retailing,NYS,JILL,414918204.16,0.21299188090405402
666,"United Natural Foods, Inc.",Food Retailers,NYS,UNFI,762145016.32,0.2146854379653275
667,"CBL & Associates Properties, Inc.",Real Estate,NYS,CBL,765320061.44,0.2146861754647306
668,"Armada Hoffler Properties, Inc.",Real Estate,NYS,AHH,963009249.28,0.2147320947044646
669,"Sprouts Farmers Market, Inc.",Food Retailers,NAS,SFM,7659482521.6,0.21628755135297367
670,"Healthcare Realty Trust, Inc.",Real Estate,NYS,HR,6286824386.56,0.21596871035481668
671,"Kinder Morgan, Inc.",Refiners & Pipelines,NYS,KMI,41918761533.44,0.22424529584698424
672,Two Harbors Investment Corp.,Real Estate,NYS,TWO,1342524175.36,0.21482024842224612
673,"Medical Properties Trust, Inc.",Real Estate,NYS,MPW,2666604072.96,0.21512780566859432
674,"Advanced Energy Industries, Inc.",Semiconductors,NAS,AEIS,3951448104.96,0.2154262492090371
675,"Amkor Technology, Inc.",Semiconductors,NAS,AMKR,9335357112.32,0.21667682346206696
676,KKR Real Estate Finance Trust Inc.,Real Estate,NYS,KREF,634499476.48,0.21465578846244404
677,AerCap Holdings NV,Traders & Distributors,NYS,AER,17488458465.280003,0.21857062564565072
678,Pfizer Inc.,Pharmaceuticals,NYS,PFE,156554296688.64,0.2508728351592966
679,Nova Ltd.,Semiconductors,NAS,NVMI,5607068446.72,0.21742371988748196
680,Ladder Capital Corp.,Real Estate,NYS,LADR,1424825697.28,0.21645226864355854
681,"ICF International, Inc.",Commercial Services,NAS,ICFI,2406896168.96,0.21668038394878844
682,Infinera Corp.,Technology Hardware,NAS,INFN,1310868874.24,0.2164257987554798
683,"Huron Consulting Group, Inc.",Commercial Services,NAS,HURN,1775969648.64,0.21653383235202345
684,"Simulations Plus, Inc.",Healthcare,NAS,SLP,791136468.48,0.21630507532493515
685,"Ultra Clean Holdings, Inc.",Semiconductors,NAS,UCTT,2097069608.96,0.21660841744298176
686,"ChargePoint Holdings, Inc.",Retailing,NYS,CHPT,845164167.6800001,0.21631762487758874
687,"Confluent, Inc.",Software & Services,NAS,CFLT,7620157747.200001,0.21789132022114077
688,"OneWater Marine, Inc.",Retailing,NAS,ONEW,449318961.92,0.21622567796284112
689,NCR Voyix Corp.,Technology Hardware,NYS,VYX,1987865579.52,0.2165830515336846
690,"Xylem, Inc.",Machinery,NYS,XYL,31004124119.04,0.22493585058595755
691,Roblox Corp.,Software & Services,NYS,RBLX,23551189811.2,0.223204683186552
692,"Acuity Brands, Inc.",Electrical Equipment,NYS,AYI,7330496409.6,0.21943694091850818
693,"West Pharmaceutical Services, Inc.",Healthcare,NYS,WST,22025807790.08,0.22285036748785808
694,"Ultragenyx Pharmaceutical, Inc.",Pharmaceuticals,NAS,RARE,3657075660.8,0.218583678836494
695,"Rent the Runway, Inc.",Consumer Services,NAS,RENT,63070600.0,0.21774886342855318
696,Urban Edge Properties,Real Estate,NYS,UE,2315910789.12,0.21827215309278283
697,"Bread Financial Holdings, Inc.",Diversified Financials,NYS,BFH,2352958320.64,0.2182807584925015
698,"OPENLANE, Inc.",Commercial Services,NYS,KAR,1844296473.6,0.21816260653106656
699,Eaton Corp. Plc,Electrical Equipment,NYS,ETN,114601047490.56,0.24596664513533886
700,"AMC Entertainment Holdings, Inc.",Media,NYS,AMC,1473920076.8,0.21968947873644998
701,Forward Air Corp.,Transportation,NAS,FWRD,607353500.1600001,0.2194881926731453
702,"Warner Bros. Discovery, Inc.",Media,NAS,WBD,18755652157.44,0.2237036790430049
703,"Charles River Laboratories International, Inc.",Pharmaceuticals,NYS,CRL,10575248384.0,0.2218035350538574
704,"Analog Devices, Inc.",Semiconductors,NAS,ADI,107560589721.6,0.24433128777633276
705,National Storage Affiliates Trust,Real Estate,NYS,NSA,5385930711.04,0.22059816047124
706,Eversource Energy,Utilities,NYS,ES,19946791731.2,0.22398035691417117
707,Lions Gate Entertainment Corp.,Media,NYS,LGF.A,,
708,"Emerald Expositions Events, Inc.",Media,NYS,EEX,1134556718.0800002,0.2196106514237564
709,Kohl's Corp.,Retailing,NYS,KSS,2323449077.76,0.21988680731209093
710,"Knight-Swift Transportation Holdings, Inc.",Transportation,NYS,KNX,7605091061.76,0.22111362698342682
711,"TPG RE Finance Trust, Inc.",Real Estate,NYS,TRTX,696830963.2,0.21950897649607976
712,Lamar Advertising Co.,Media,NAS,LAMR,11161364398.08,0.22355258129313132
713,"Catalyst Pharmaceuticals, Inc.",Pharmaceuticals,NAS,CPRX,1836452008.96,0.22138659087062404
714,"Bel Fuse, Inc.",Technology Hardware,NAS,BELFB,833720839.6800001,0.2211536764990591
715,"Thoughtworks Holding, Inc.",Commercial Services,NAS,TWKS,920950676.48,0.22117393824342532
716,Modine Manufacturing Co.,Auto Components,NYS,MOD,5133150392.320001,0.22215234789077412
717,Whirlpool Corp.,Consumer Durables,NYS,WHR,5609053880.320001,0.22226289074136954
718,"Driven Brands Holdings, Inc.",Consumer Services,NAS,DRVN,2037873541.12,0.22143337705920577
719,"Dillard's, Inc.",Retailing,NYS,DDS,6165020508.16,0.22239203065613594
720,"The RMR Group, Inc.",Real Estate,NAS,RMR,403274389.76,0.22105369240816117
721,monday.com Ltd.,Software & Services,NAS,MNDY,10545783889.92,0.22340959426769694
722,"Everi Holdings, Inc.",Software & Services,NYS,EVRI,696921167.36,0.22112190067450627
723,"HealthStream, Inc.",Healthcare,NAS,HSTM,862473533.44,0.22116035517406502
724,"Dun & Bradstreet Holdings, Inc.",Software & Services,NYS,DNB,4134100459.52,0.22192028859672905
725,American Express Co.,Diversified Financials,NYS,AXP,165413225103.36002,0.26099510296461803
726,"Orchid Island Capital, Inc.",Real Estate,NYS,ORC,538752706.5600001,0.22269806453409252
727,"Array Technologies, Inc.",Semiconductors,NAS,ARRY,1563827717.12,0.2229361689325655
728,"Forestar Group, Inc.",Real Estate,NYS,FOR,1675961379.8400002,0.2229622153370095
729,"Greif, Inc.",Containers & Packaging,NYS,GEF,2889157754.88,0.22324401656143958
730,"eHealth, Inc.",Insurance,NAS,EHTH,124322396.8,0.22260180067184065
731,"TPI Composites, Inc.",Machinery,NAS,TPIC,210057608.96,0.2226217152448319
732,NetSTREIT Corp.,Real Estate,NYS,NTST,1169780618.24,0.2228446396820401
733,Packaging Corporation of America,Containers & Packaging,NYS,PKG,15825568563.2,0.22624888574875054
734,Owens Corning,Building Products,NYS,OC,13797031034.88,0.22577769710110554
735,"ARMOUR Residential REIT, Inc.",Real Estate,NYS,ARR,1037339361.28,0.22281387623010088
736,IMAX Corp.,Media,NYS,IMAX,840482854.4000001,0.22276815040547995
737,IHS Holding Ltd.,Telecommunication Services,NYS,IHS,873319936.0,0.2227757778019938
738,TAL Education Group,Consumer Services,NYS,TAL,5576081551.360001,0.22386813515540868
739,PagSeguro Digital Ltd.,Software & Services,NYS,PAGS,3924676311.04,0.22348454678643
740,"Allbirds, Inc.",Textiles & Apparel,NAS,BIRD,99226872.32,0.222595971484026
741,"Fulgent Genetics, Inc.",Healthcare,NAS,FLGT,641732590.08,0.22272198469892704
742,"Warby Parker, Inc.",Retailing,NYS,WRBY,1807605872.64,0.2246056969423955
743,"Progyny, Inc.",Commercial Services,NAS,PGNY,2591298201.6,0.22478773297746862
744,"Universal Technical Institute, Inc.",Consumer Services,NYS,UTI,898377438.72,0.22439450138392142
745,Brookfield Renewable Corp.,Utilities,NYS,BEPC,4857412055.04,0.22531410584812306
746,"DoubleVerify Holdings, Inc.",Software & Services,NYS,DV,3164207431.6800003,0.22492080831947048
747,Winmark Corp.,Retailing,NAS,WINA,1318973235.2,0.22449219736527834
748,Getty Realty Corp.,Real Estate,NYS,GTY,1511337845.76,0.22453687981233153
749,"Tyler Technologies, Inc.",Software & Services,NYS,TYL,20624260300.8,0.22897642897442805
750,"PROG Holdings, Inc.",Diversified Financials,NYS,PRG,1390222156.8,0.22450874706305135
751,"Advantage Solutions, Inc. (California)",Media,NAS,ADV,1153017835.52,0.2244536492490848
752,"BlackRock, Inc.",Diversified Financials,NYS,BLK,114677582069.76,0.2508231322629497
753,"NetScout Systems, Inc.",Software & Services,NAS,NTCT,1254916623.36,0.22447731829704115
754,"Patterson Cos., Inc.",Healthcare,NAS,PDCO,2129899919.36,0.22468055939571369
755,"Paycom Software, Inc.",Software & Services,NYS,PAYC,8590145454.08,0.2261811450710896
756,"GoDaddy, Inc.",Software & Services,NYS,GDDY,18706873139.2,0.22853105833125614
757,"Rambus, Inc.",Semiconductors,NAS,RMBS,5907864698.88,0.22717100818844235
758,"Pacific Biosciences of California, Inc.",Pharmaceuticals,NAS,PACB,513663408.6400001,0.22591804324419595
759,McGrath RentCorp,Traders & Distributors,NAS,MGRC,2511090923.52,0.22638200565867725
760,"DNOW, Inc.",Traders & Distributors,NYS,DNOW,1416891381.76,0.22612784501578165
761,"MSA Safety, Inc.",Commercial Services,NYS,MSA,7062267863.04,0.22743915292728195
762,Ready Capital Corp.,Real Estate,NYS,RC,1473939036.16,0.22614109604355548
763,"Elanco Animal Health, Inc.",Pharmaceuticals,NYS,ELAN,5933149184.0,0.22717688126802987
764,"Essential Utilities, Inc.",Utilities,NYS,WTRG,10397850951.68,0.2282139420858269
765,"Upwork, Inc.",Software & Services,NAS,UPWK,1429562946.5600002,0.2261307883665446
766,"KBR, Inc.",Software & Services,NYS,KBR,8307656171.52,0.22772843169322698
767,Addus HomeCare Corp.,Healthcare,NAS,ADUS,2031848939.52,0.22627068734231232
768,"Purple Innovation, Inc.",Consumer Durables,NAS,PRPL,133008124.16,0.2258296246439931
769,"PowerSchool Holdings, Inc.",Software & Services,NYS,PWSC,3431909355.52,0.22659589334162292
770,"Republic Services, Inc.",Commercial Services,NYS,RSG,59517863526.4,0.23962353740968406
771,"PTC, Inc.",Software & Services,NAS,PTC,19804268216.32,0.23039886445883379
772,"Align Technology, Inc.",Healthcare,NAS,ALGN,17354960076.8,0.23144284244967936
773,CRH Plc,Construction Materials,NYS,CRH,50790031196.16,0.23920913995450968
774,"Prudential Financial, Inc.",Insurance,NYS,PRU,42060152668.16,0.23718136398276304
775,"Cinemark Holdings, Inc.",Media,NYS,CNK,2338962073.6,0.22795492679941884
776,Lincoln National Corp.,Insurance,NYS,LNC,5127606251.52,0.22860267300111
777,"OUTFRONT Media, Inc.",Real Estate,NYS,OUT,2437263411.2000003,0.2279777602317211
778,Liberty Broadband Corp.,Media,NAS,LBRDK,7646210969.6,0.22918769444365011
779,"CTO Realty Growth, Inc.",Real Estate,NYS,CTO,394558766.08,0.227503280846531
780,"Intercontinental Exchange, Inc.",Diversified Financials,NYS,ICE,78843391180.8,0.24572537372811343
781,"Micron Technology, Inc.",Semiconductors,NAS,MU,121905860444.16,0.2557279230392233
782,"Rollins, Inc.",Commercial Services,NYS,ROL,21994400727.04,0.23252049161085922
783,Otis Worldwide Corp.,Machinery,NYS,OTIS,36799702302.72,0.23595946670006984
784,"Innovative Industrial Properties, Inc.",Real Estate,NYS,IIPR,3132261734.4,0.22813919442529765
785,FinVolution Group,Diversified Financials,NYS,FINV,1280816051.2,0.229322043892928
786,Progress Software Corp.,Software & Services,NAS,PRGS,2243986749.44,0.22954576915924382
787,CVS Health Corp.,Healthcare,NYS,CVS,71144329052.16,0.24554993899029673
788,"Jack Henry & Associates, Inc.",Software & Services,NAS,JKHY,11384122982.4,0.23166883978070107
789,"Ameriprise Financial, Inc.",Diversified Financials,NYS,AMP,38521688883.200005,0.2379723529268273
790,"Pactiv Evergreen, Inc.",Containers & Packaging,NAS,PTVE,2112954726.4,0.2295153330441252
791,"ICU Medical, Inc.",Healthcare,NAS,ICUI,2867770890.24,0.22969066172426794
792,"Entegris, Inc.",Semiconductors,NAS,ENTG,18563156951.04,0.23333638561599188
793,"American Water Works Co., Inc.",Utilities,NYS,AWK,25546673520.64,0.23495851667459822
794,Bowlero Corp.,Media,NYS,BOWL,1854580689.92,0.2294553179292279
795,"NIKE, Inc.",Textiles & Apparel,NYS,NKE,101465822003.2,0.25259301463406403
796,"Quantum-Si, Inc.",Pharmaceuticals,NAS,QSI,151346035.20000002,0.22905969062513543
797,"Mitek Systems, Inc.",Software & Services,NAS,MITK,520872970.24,0.23075842755840806
798,"National Health Investors, Inc.",Real Estate,NYS,NHI,2927595796.48,0.231317461077838
799,"Dollar Tree, Inc.",Retailing,NAS,DLTR,20830824529.92,0.23547602261176012
800,"PROS Holdings, Inc.",Software & Services,NYS,PRO,1082830991.36,0.23088895915385954
801,"United Parcel Service, Inc.",Transportation,NYS,UPS,116004904960.0,0.25758305569477513
802,Exelon Corp.,Utilities,NAS,EXC,33516606259.2,0.23842267568269923
803,"FTI Consulting, Inc.",Commercial Services,NYS,FCN,7432754483.200001,0.23236391922780372
804,Jamf Holding Corp.,Software & Services,NAS,JAMF,2192965345.28,0.23114682113453536
805,"Verizon Communications, Inc.",Telecommunication Services,NYS,VZ,162761593978.88,0.26844369828067327
806,Gilat Satellite Networks Ltd.,Technology Hardware,NAS,GILT,246537610.88000005,0.23069470494782116
807,"Toast, Inc.",Software & Services,NYS,TOST,13596164505.6,0.2337955559576115
808,Ares Management Corp.,Diversified Financials,NYS,ARES,41373048504.32,0.24024756989594315
809,"Waste Management, Inc.",Commercial Services,NYS,WM,82404272701.44,0.24977830165256598
810,"Cummins, Inc.",Machinery,NYS,CMI,37134675804.16,0.2392630807884343
811,"The Hackett Group, Inc.",Software & Services,NAS,HCKT,618352519.6800001,0.2307810701057765
812,Peakstone Realty Trust,Real Estate,NYS,PKST,479513420.8,0.23074882056327203
813,"Dropbox, Inc.",Software & Services,NAS,DBX,6894567260.16,0.232238909112751
814,"Wolverine World Wide, Inc.",Textiles & Apparel,NYS,WWW,955946063.36,0.23247238955168217
815,"ViaSat, Inc.",Technology Hardware,NAS,VSAT,1851515985.92,0.23268041251147037
816,"Interface, Inc.",Building Products,NAS,TILE,891091509.76,0.23245732513755238
817,"Belden, Inc.",Technology Hardware,NYS,BDC,3579600414.7200003,0.2330818119204806
818,"Hubbell, Inc.",Electrical Equipment,NYS,HUBB,18107276902.4,0.23645630026101597
819,"ADTRAN Holdings, Inc.",Technology Hardware,NAS,ADTN,462198549.76,0.2323577018912552
820,"Reinsurance Group of America, Inc.",Insurance,NYS,RGA,13031816192.0,0.23527737237088744
821,Broadcom Inc.,Semiconductors,NAS,AVGO,667982653030.4,0.38740933679130474
822,Regional Management Corp.,Diversified Financials,NYS,RM,274318711.04,0.23231406116689576
823,"Urban Outfitters, Inc.",Retailing,NAS,URBN,3966402682.88,0.23317165834190287
824,"Avanos Medical, Inc.",Healthcare,NYS,AVNS,956123115.52,0.23247243067735357
825,"Laureate Education, Inc.",Consumer Services,NAS,LAUR,2214009057.28,0.23276461239325233
826,"Energizer Holdings, Inc.",Consumer Durables,NYS,ENR,2040857579.52,0.23272439277221776
827,"Shoe Carnival, Inc.",Retailing,NAS,SCVL,996926955.52,0.23248190859231443
828,"Ironwood Pharmaceuticals, Inc.",Pharmaceuticals,NAS,IRWD,997359723.52,0.23248200911565492
829,Entravision Communications Corp.,Media,NYS,EVC,163418245.76000002,0.23228830120952304
830,Adaptive Biotechnologies Corp.,Pharmaceuticals,NAS,ADPT,589766750.72,0.2323873334298655
831,"Sonic Automotive, Inc.",Retailing,NYS,SAH,1859423923.2,0.23268224936694906
832,"Orion Office REIT, Inc.",Real Estate,NYS,ONL,212796883.2,0.23391267410403077
833,"DigitalBridge Group, Inc.",Real Estate,NYS,DBRG,2459946342.4,0.23443464192565328
834,"GoPro, Inc.",Consumer Durables,NAS,GPRO,233992196.48,0.23391759735088297
835,"Verint Systems, Inc.",Software & Services,NAS,VRNT,1912251530.24,0.23430742338803145
836,"Humana, Inc.",Healthcare,NYS,HUM,44584938373.12,0.24421943404801083
837,"Cargurus, Inc.",Commercial Services,NAS,CARG,2522946764.8,0.23444927566223311
838,ZIM Integrated Shipping Services Ltd.,Transportation,NYS,ZIM,1982553190.4,0.23432375305594025
839,Star Bulk Carriers Corp.,Transportation,NAS,SBLK,2507789875.2000003,0.23444575502028617
840,Tronox Holdings Plc,Chemicals,NYS,TROX,2387283476.48,0.2344177637969281
841,The Bank of New York Mellon Corp.,Diversified Financials,NYS,BK,43512007229.44,0.24397021362810295
842,"Monolithic Power Systems, Inc.",Semiconductors,NAS,MPWR,36600836751.36,0.24236488711787188
843,VOXX International Corp.,Retailing,NAS,VOXX,54801367.68,0.23387597490953596
844,"Illumina, Inc.",Pharmaceuticals,NAS,ILMN,17570598420.48,0.23794454382212032
845,"PagerDuty, Inc.",Software & Services,NYS,PD,1914715069.44,0.2343079956188568
846,Amphenol Corp.,Technology Hardware,NYS,APH,70970368327.68001,0.25034824107487313
847,"MSC Industrial Direct Co., Inc.",Traders & Distributors,NYS,MSM,4389851156.4800005,0.23488292016883822
848,FedEx Corp.,Transportation,NYS,FDX,69771575296.0,0.25006978545868774
849,"Sportsman's Warehouse Holdings, Inc.",Retailing,NAS,SPWH,89597703.36,0.23549696062734626
850,"Veeco Instruments, Inc.",Semiconductors,NAS,VECO,2227560642.56,0.2359935666067639
851,"MRC Global, Inc.",Traders & Distributors,NYS,MRC,1130159206.4,0.2357386622279151
852,Marten Transport Ltd.,Transportation,NAS,MRTN,1373565240.3200002,0.23579520057554249
853,"CRA International, Inc.",Commercial Services,NAS,CRAI,1136634122.24,0.2357401662212086
854,Glaukos Corp.,Healthcare,NYS,GKOS,6239192821.76,0.23692538843158958
855,"Kennametal, Inc.",Machinery,NYS,KMT,1831027512.32,0.23590145990093483
856,"Nutanix, Inc.",Software & Services,NAS,NTNX,10948394024.96,0.238019241572311
857,Cambium Networks Corp.,Technology Hardware,NAS,CMBM,52611289.28,0.23548836942398507
858,"Gartner, Inc.",Commercial Services,NYS,IT,32838941736.960003,0.244716880687213
859,Big 5 Sporting Goods Corp.,Retailing,NAS,BGFV,59320650.56,0.23710283110006605
860,NXP Semiconductors NV,Semiconductors,NAS,NXPI,64991499059.200005,0.2521852759185017
861,"Reliance, Inc.",Traders & Distributors,NYS,RS,16312026644.48,0.24087800925227384
862,Ituran Location & Control Ltd.,Technology Hardware,NAS,ITRN,471828462.08,0.23719864840447358
863,AppLovin Corp.,Software & Services,NAS,APP,24272943677.44,0.24272717086669132
864,"Aviat Networks, Inc.",Technology Hardware,NAS,AVNW,342525038.08000004,0.23716861380829785
865,Applied Digital Corp.,Real Estate,NAS,APLD,835938260.48,0.23728322381957298
866,Dole Plc,Food Retailers,NYS,DOLE,1193867601.92,0.23897926686408683
867,"Helix Energy Solutions Group, Inc.",Energy Services,NYS,HLX,1757417031.68,0.23911016811189842
868,"Hovnanian Enterprises, Inc.",Homebuilders,NYS,HOV,970356354.56,0.23892734967699675
869,"M/I Homes, Inc.",Homebuilders,NYS,MHO,3843266232.32,0.2395946691133933
870,"Landstar System, Inc.",Transportation,NAS,LSTR,6120580239.360001,0.24012364355545301
871,"Vertex Pharmaceuticals, Inc.",Pharmaceuticals,NAS,VRTX,115943308001.28,0.26563326408373694
872,nVent Electric Plc,Electrical Equipment,NYS,NVT,11401853870.08,0.24135037766569803
873,The Toro Co.,Machinery,NYS,TTC,9502891909.12,0.24090928682768178
874,"Cross Country Healthcare, Inc.",Healthcare,NAS,CCRN,492999354.88,0.23881646920474373
875,"Corsair Gaming, Inc.",Technology Hardware,NAS,CRSR,978877644.8,0.23892932900208605
876,"Roper Technologies, Inc.",Software & Services,NAS,ROP,56259472588.8,0.25338280747435965
877,Baker Hughes Co.,Energy Services,NAS,BKR,33417235660.800003,0.24807701323736311
878,Royal Caribbean Group,Consumer Services,NYS,RCL,38937726484.48,0.24935931271135942
879,SLB NV,Energy Services,NYS,SLB,64303155118.08,0.2552511938562454
880,EHang Holdings Ltd.,Software & Services,NAS,EH,853095480.32,0.24051301554979224
881,TransUnion,Commercial Services,NYS,TRU,14164808704.0,0.24360505997299733
882,"PetIQ, Inc.",Healthcare,NAS,PETQ,610114265.6,0.24045657587915825
883,Enviri Corp.,Commercial Services,NYS,NVRI,742845035.52,0.24048740657916076
884,GameStop Corp.,Retailing,NYS,GME,10971532451.84,0.2428633258429621
885,Albany International Corp.,Machinery,NYS,AIN,2628043089.92,0.24092530033729667
886,"CPI Card Group, Inc.",Technology Hardware,NAS,PMTS,306469369.6,0.24038604525011484
887,"fuboTV, Inc.",Media,NYS,FUBO,400039934.72,0.2404077798187007
888,"Clearfield, Inc.",Technology Hardware,NAS,CLFD,538058570.24,0.24043983878399594
889,"MicroVision, Inc.",Technology Hardware,NAS,MVIS,244313448.32,0.24198451090004108
890,"Vivid Seats, Inc.",Media,NAS,SEAT,1041167150.08,0.2421696040584675
891,"Super Micro Computer, Inc.",Technology Hardware,NAS,SMCI,43976234106.880005,0.2521425603649143
892,"Accel Entertainment, Inc.",Media,NYS,ACEL,796465167.36,0.2421127646878844
893,"Schrdinger, Inc.",Healthcare,NAS,SDGR,1549263160.3200002,0.24228762458734432
894,3D Systems Corp.,Technology Hardware,NYS,DDD,494176483.84,0.2420425490798428
895,"Intuitive Surgical, Inc.",Healthcare,NAS,ISRG,139091434536.96,0.2742359168029641
896,Visteon Corp.,Auto Components,NAS,VC,2905502607.36,0.24260265185305274
897,Bausch + Lomb Corp.,Healthcare,NYS,BLCO,5416337285.12,0.24318586847081666
898,"Global Medical REIT, Inc.",Real Estate,NYS,GMRE,591989941.76,0.24206526918746485
899,Amalgamated Financial Corp.,Banks,NAS,AMAL,885708817.9200001,0.2421334942008617
900,"Global Payments, Inc.",Software & Services,NYS,GPN,24309600010.24,0.24757439507620022
901,Bruker Corp.,Pharmaceuticals,NAS,BRKR,8923193344.0,0.2440004409107152
902,"Franklin Resources, Inc.",Diversified Financials,NYS,BEN,11528968724.48,0.24460571035259332
903,"Stagwell, Inc.",Commercial Services,NAS,STGW,1697711769.6,0.24393500945249683
904,"Herc Holdings, Inc.",Traders & Distributors,NYS,HRI,3947490662.4,0.24445758803889187
905,"Qualys, Inc.",Software & Services,NAS,QLYS,4984456253.440001,0.24469845438110896
906,"Donnelley Financial Solutions, Inc.",Diversified Financials,NYS,DFIN,1757406197.76,0.24394887527281514
907,"XP, Inc.",Software & Services,NAS,XP,9368999731.2,0.2457168960332767
908,"Core & Main, Inc.",Traders & Distributors,NYS,CNM,9472844267.52,0.24574101703964255
909,"Onto Innovation, Inc.",Semiconductors,NYS,ONTO,9386368860.16,0.24572093053412827
910,On Holding AG,Textiles & Apparel,NYS,ONON,11856028753.92,0.24629458307406804
911,"Coursera, Inc.",Software & Services,NYS,COUR,1091535104.0,0.24379420675138308
912,AudioCodes Ltd.,Technology Hardware,NAS,AUDC,312461587.2,0.24361324357388592
913,Liberty Media Corp.,Media,NAS,FWONK,16636047523.84,0.24740488571746144
914,ATRenew Inc.,Retailing,NYS,RERE,454843819.52,0.24364631611533952
915,"Dow, Inc.",Chemicals,NYS,DOW,35847474216.96,0.25186731544157875
916,"Postal Realty Trust, Inc.",Real Estate,NYS,PSTL,385037045.76,0.24363010139963165
917,"Darling Ingredients, Inc.",Food Products,NYS,DAR,5582968627.2,0.24483747682070087
918,"Affiliated Managers Group, Inc.",Diversified Financials,NYS,AMG,5057482526.72,0.24471541692208687
919,Flywire Corp.,Software & Services,NAS,FLYW,2169890744.32,0.24404468717323832
920,"Forrester Research, Inc.",Software & Services,NAS,FORR,328365251.84000003,0.24361693767672093
921,"Big Lots, Inc.",Retailing,NYS,BIG,33588151.2,0.2451613700847741
922,Unisys Corp.,Software & Services,NYS,UIS,304439246.08000004,0.24522428337049249
923,"Samsara, Inc.",Software & Services,NYS,IOT,18805179187.2,0.24952163479317388
924,"Savers Value Village, Inc.",Retailing,NYS,SVV,1862119567.36,0.2455861013175605
925,Cerus Corp.,Healthcare,NAS,CERS,401433153.28,0.24524681311289329
926,Apartment Investment & Management Co.,Real Estate,NYS,AIV,1204497208.32,0.24543334881202822
927,Brunswick Corp.,Machinery,NYS,BC,5079864463.360001,0.2463335190235906
928,WillScot Mobile Mini Holdings Corp.,Commercial Services,NAS,WSC,6957007851.52,0.24676954184404856
929,Wix.com Ltd.,Software & Services,NAS,WIX,8257338736.64,0.24707158267035667
930,"Liquidity Services, Inc.",Software & Services,NAS,LQDT,584711490.5600001,0.2452893850006104
931,"Dril-Quip, Inc.",Energy Services,NYS,DRQ,562357816.32,0.24528419268970267
932,LyondellBasell Industries NV,Chemicals,NYS,LYB,29579763220.48,0.2520243549098598
933,"Armstrong World Industries, Inc.",Building Products,NYS,AWI,4829294735.360001,0.24627531669327687
934,Acacia Research Corp.,Commercial Services,NAS,ACTG,512552755.2000001,0.2452726239713194
935,Landsea Homes Corp.,Homebuilders,NAS,LSEA,371095468.8,0.24523976627628155
936,"iQIYI, Inc.",Media,NAS,IQ,3231377264.6400003,0.24590415246211747
937,Clarivate Plc,Software & Services,NYS,CLVT,3928437565.44,0.24606606561180072
938,"Lennox International, Inc.",Building Products,NYS,LII,18074501939.2,0.24935191309981422
939,Progressive Corp.,Insurance,NYS,PGR,119273116139.52,0.27447122796597595
940,"Moderna, Inc.",Pharmaceuticals,NAS,MRNA,43739410268.16,0.25692626060684687
941,"Intevac, Inc.",Technology Hardware,NAS,IVAC,98563213.76,0.2467893657165286
942,"Titan International, Inc.",Machinery,NYS,TWI,558451893.76,0.24689618864791202
943,"Cricut, Inc.",Retailing,NAS,CRCT,1204236369.92,0.24704619145029744
944,Allegion Plc,Building Products,NYS,ALLE,10210135859.2,0.2491380815642039
945,VSE Corp.,Commercial Services,NAS,VSEC,1498121287.68,0.2471144550318331
946,"GXO Logistics, Inc.",Transportation,NYS,GXO,6028975206.400001,0.24816688166966164
947,"BGC Group, Inc.",Banks,NAS,BGC,4369328414.72,0.2477813789533339
948,"Penumbra, Inc.",Healthcare,NYS,PEN,7247578767.360001,0.24844993887510544
949,"Enphase Energy, Inc.",Electrical Equipment,NAS,ENPH,13913531473.92,0.25161120943314996
950,"Sunrun, Inc.",Utilities,NAS,RUN,3499438120.96,0.24919222408290398
951,"Superior Industries International, Inc.",Auto Components,NYS,SUP,96302597.12,0.24840174384635696
952,"Matson, Inc.",Transportation,NYS,MATX,4176734289.92,0.2493495464205251
953,OrthoPediatrics Corp.,Healthcare,NAS,KIDS,775840386.5600001,0.24855958686752852
954,"Halozyme Therapeutics, Inc.",Pharmaceuticals,NAS,HALO,6410791280.64,0.2498684731238881
955,Matthews International Corp.,Commercial Services,NAS,MATW,783176128.0,0.25017419403917796
956,"KVH Industries, Inc. (Delaware)",Technology Hardware,NAS,KVHI,84164514.56,0.2500118276386422
957,"NeoGenomics, Inc.",Pharmaceuticals,NAS,NEO,1821173120.0,0.2504152999551849
958,Union Pacific Corp.,Transportation,NYS,UNP,136898438103.04,0.28179104377376624
